nf;cod_erp;emissao;vencimento;valor;situacao
000001;10001;2025-10-05;2025-10-20;4028.52;PAGA
000002;10001;2025-11-05;2025-11-20;3927.94;PAGA
000003;10001;2025-12-05;2025-12-20;4071.83;PAGA
000004;10001;2026-01-05;2026-01-20;3918.62;PAGA
000005;10001;2026-02-05;2026-02-20;4002.34;PAGA
000006;10001;2026-03-05;2026-03-20;3989.08;PAGA
000007;10001;2026-04-05;2026-04-20;4001.82;PAGA
000008;10001;2026-05-05;2026-05-20;4031.74;PAGA
000009;10001;2026-06-05;2026-06-20;4047.63;PAGA
000010;10001;2026-07-05;2026-07-20;4006.53;PAGA
000011;10001;2026-08-05;2026-08-20;4134.47;PAGA
000012;10001;2026-09-05;2026-09-20;3958.70;EM ABERTO
000013;10002;2025-10-05;2025-10-20;6718.91;PAGA
000014;10003;2025-11-05;2025-11-20;6709.11;PAGA
000015;10002;2025-12-05;2025-12-20;6373.68;PAGA
000016;10003;2026-01-05;2026-01-20;6552.01;PAGA
000017;10002;2026-02-05;2026-02-20;6654.86;PAGA
000018;10003;2026-03-05;2026-03-20;6504.07;PAGA
000019;10002;2026-04-05;2026-04-20;6645.65;PAGA
000020;10003;2026-05-05;2026-05-20;6733.26;PAGA
000021;10002;2026-06-05;2026-06-20;6722.94;PAGA
000022;10003;2026-07-05;2026-07-20;6605.72;ATRASADA
000023;10002;2026-08-05;2026-08-20;6413.92;ATRASADA
000024;10003;2026-09-05;2026-09-20;6611.85;ATRASADA
000025;10004;2025-10-05;2025-10-20;7728.70;PAGA
000026;10004;2025-11-05;2025-11-20;7460.77;PAGA
000027;10004;2025-12-05;2025-12-20;7485.35;PAGA
000028;10004;2026-01-05;2026-01-20;7739.76;PAGA
000029;10004;2026-02-05;2026-02-20;7561.80;PAGA
000030;10004;2026-03-05;2026-03-20;7424.10;PAGA
000031;10004;2026-04-05;2026-04-20;7632.87;PAGA
000032;10004;2026-05-05;2026-05-20;7705.14;PAGA
000033;10004;2026-06-05;2026-06-20;7637.48;PAGA
000034;10004;2026-07-05;2026-07-20;7441.37;PAGA
000035;10004;2026-08-05;2026-08-20;7739.53;PAGA
000036;10004;2026-09-05;2026-09-20;7388.49;EM ABERTO
000037;10005;2025-10-05;2025-10-20;1577.42;PAGA
000038;10005;2025-11-05;2025-11-20;1562.29;PAGA
000039;10005;2025-12-05;2025-12-20;1643.24;PAGA
000040;10005;2026-01-05;2026-01-20;1585.88;PAGA
000041;10005;2026-02-05;2026-02-20;1566.15;PAGA
000042;10005;2026-03-05;2026-03-20;1618.99;PAGA
000043;10005;2026-04-05;2026-04-20;1612.91;PAGA
000044;10005;2026-05-05;2026-05-20;1572.44;PAGA
000045;10005;2026-06-05;2026-06-20;1619.47;PAGA
000046;10005;2026-07-05;2026-07-20;1639.84;PAGA
000047;10005;2026-08-05;2026-08-20;1579.73;PAGA
000048;10005;2026-09-05;2026-09-20;1566.16;EM ABERTO
000049;10006;2025-10-05;2025-10-20;6687.95;PAGA
000050;10006;2025-11-05;2025-11-20;6916.83;PAGA
000051;10006;2025-12-05;2025-12-20;7009.96;PAGA
000052;10006;2026-01-05;2026-01-20;6660.05;PAGA
000053;10006;2026-02-05;2026-02-20;6674.76;PAGA
000054;10006;2026-03-05;2026-03-20;6643.49;PAGA
000055;10006;2026-04-05;2026-04-20;6827.48;PAGA
000056;10006;2026-05-05;2026-05-20;6837.42;PAGA
000057;10006;2026-06-05;2026-06-20;6945.86;PAGA
000058;10006;2026-07-05;2026-07-20;6727.72;PAGA
000059;10006;2026-08-05;2026-08-20;6640.67;PAGA
000060;10006;2026-09-05;2026-09-20;6779.42;EM ABERTO
000061;10007;2025-10-05;2025-10-20;4229.82;PAGA
000062;10007;2025-11-05;2025-11-20;4238.32;PAGA
000063;10007;2025-12-05;2025-12-20;4230.77;PAGA
000064;10007;2026-01-05;2026-01-20;4102.02;PAGA
000065;10007;2026-02-05;2026-02-20;4092.51;PAGA
000066;10007;2026-03-05;2026-03-20;4087.18;PAGA
000067;10007;2026-04-05;2026-04-20;4138.68;PAGA
000068;10007;2026-05-05;2026-05-20;4154.90;PAGA
000069;10007;2026-06-05;2026-06-20;4275.22;PAGA
000070;10007;2026-07-05;2026-07-20;4169.69;ATRASADA
000071;10007;2026-08-05;2026-08-20;4279.15;ATRASADA
000072;10007;2026-09-05;2026-09-20;4279.29;ATRASADA
000073;10008;2025-10-05;2025-10-20;6121.78;PAGA
000074;10008;2025-11-05;2025-11-20;5966.85;PAGA
000075;10008;2025-12-05;2025-12-20;5981.64;PAGA
000076;10008;2026-01-05;2026-01-20;6163.28;PAGA
000077;10008;2026-02-05;2026-02-20;6082.34;PAGA
000078;10008;2026-03-05;2026-03-20;6166.77;PAGA
000079;10008;2026-04-05;2026-04-20;6078.65;PAGA
000080;10008;2026-05-05;2026-05-20;5929.11;PAGA
000081;10008;2026-06-05;2026-06-20;5980.18;PAGA
000082;10008;2026-07-05;2026-07-20;5849.13;ATRASADA
000083;10008;2026-08-05;2026-08-20;6200.01;ATRASADA
000084;10008;2026-09-05;2026-09-20;6010.31;ATRASADA
000085;10009;2025-10-05;2025-10-20;7424.20;PAGA
000086;10009;2025-11-05;2025-11-20;7313.17;PAGA
000087;10009;2025-12-05;2025-12-20;7295.15;PAGA
000088;10009;2026-01-05;2026-01-20;7596.69;PAGA
000089;10009;2026-02-05;2026-02-20;7350.81;PAGA
000090;10009;2026-03-05;2026-03-20;7170.57;PAGA
000091;10009;2026-04-05;2026-04-20;7276.55;PAGA
000092;10009;2026-05-05;2026-05-20;7288.41;PAGA
000093;10009;2026-06-05;2026-06-20;7523.96;PAGA
000094;10009;2026-07-05;2026-07-20;7191.91;PAGA
000095;10009;2026-08-05;2026-08-20;7309.54;PAGA
000096;10009;2026-09-05;2026-09-20;7302.63;EM ABERTO
000097;10010;2025-10-05;2025-10-20;5391.16;PAGA
000098;10011;2025-11-05;2025-11-20;5379.84;PAGA
000099;10010;2025-12-05;2025-12-20;5390.48;PAGA
000100;10011;2026-01-05;2026-01-20;5168.59;PAGA
000101;10010;2026-02-05;2026-02-20;5383.74;PAGA
000102;10011;2026-03-05;2026-03-20;5109.27;PAGA
000103;10010;2026-04-05;2026-04-20;5267.80;PAGA
000104;10011;2026-05-05;2026-05-20;5238.33;PAGA
000105;10010;2026-06-05;2026-06-20;5235.83;PAGA
000106;10011;2026-07-05;2026-07-20;5147.61;PAGA
000107;10010;2026-08-05;2026-08-20;5134.05;PAGA
000108;10011;2026-09-05;2026-09-20;5319.69;ATRASADA
000109;10012;2025-10-05;2025-10-20;8875.51;PAGA
000110;10012;2025-11-05;2025-11-20;9066.09;PAGA
000111;10012;2025-12-05;2025-12-20;9092.51;PAGA
000112;10012;2026-01-05;2026-01-20;8789.06;PAGA
000113;10012;2026-02-05;2026-02-20;8774.36;PAGA
000114;10012;2026-03-05;2026-03-20;8729.43;PAGA
000115;10012;2026-04-05;2026-04-20;8902.91;PAGA
000116;10012;2026-05-05;2026-05-20;9235.44;PAGA
000117;10012;2026-06-05;2026-06-20;9124.16;PAGA
000118;10012;2026-07-05;2026-07-20;8944.43;PAGA
000119;10012;2026-08-05;2026-08-20;9068.59;PAGA
000120;10012;2026-09-05;2026-09-20;8724.21;EM ABERTO
000121;10013;2025-10-05;2025-10-20;6046.80;PAGA
000122;10013;2025-11-05;2025-11-20;6208.79;PAGA
000123;10013;2025-12-05;2025-12-20;6376.57;PAGA
000124;10013;2026-01-05;2026-01-20;6134.34;PAGA
000125;10013;2026-02-05;2026-02-20;6202.16;PAGA
000126;10013;2026-03-05;2026-03-20;6117.73;PAGA
000127;10013;2026-04-05;2026-04-20;6128.35;PAGA
000128;10013;2026-05-05;2026-05-20;6313.73;PAGA
000129;10013;2026-06-05;2026-06-20;6027.32;PAGA
000130;10013;2026-07-05;2026-07-20;6198.04;PAGA
000131;10013;2026-08-05;2026-08-20;6211.77;PAGA
000132;10013;2026-09-05;2026-09-20;6353.26;EM ABERTO
000133;10014;2025-10-05;2025-10-20;4657.23;PAGA
000134;10014;2025-11-05;2025-11-20;4695.98;PAGA
000135;10014;2025-12-05;2025-12-20;4589.45;PAGA
000136;10014;2026-01-05;2026-01-20;4667.89;PAGA
000137;10014;2026-02-05;2026-02-20;4748.44;PAGA
000138;10014;2026-03-05;2026-03-20;4602.02;PAGA
000139;10014;2026-04-05;2026-04-20;4685.36;PAGA
000140;10014;2026-05-05;2026-05-20;4755.14;PAGA
000141;10014;2026-06-05;2026-06-20;4770.63;PAGA
000142;10014;2026-07-05;2026-07-20;4653.34;PAGA
000143;10014;2026-08-05;2026-08-20;4668.05;PAGA
000144;10014;2026-09-05;2026-09-20;4594.82;EM ABERTO
000145;10015;2025-10-05;2025-10-20;2252.82;PAGA
000146;10015;2025-11-05;2025-11-20;2159.00;PAGA
000147;10015;2025-12-05;2025-12-20;2241.41;PAGA
000148;10015;2026-01-05;2026-01-20;2226.03;PAGA
000149;10015;2026-02-05;2026-02-20;2224.46;PAGA
000150;10015;2026-03-05;2026-03-20;2177.65;PAGA
000151;10015;2026-04-05;2026-04-20;2174.66;PAGA
000152;10015;2026-05-05;2026-05-20;2239.88;PAGA
000153;10015;2026-06-05;2026-06-20;2216.39;PAGA
000154;10015;2026-07-05;2026-07-20;2220.58;PAGA
000155;10015;2026-08-05;2026-08-20;2268.90;PAGA
000156;10015;2026-09-05;2026-09-20;2167.73;EM ABERTO
000157;10016;2025-10-05;2025-10-20;2640.82;PAGA
000158;10016;2025-11-05;2025-11-20;2635.20;PAGA
000159;10016;2025-12-05;2025-12-20;2682.12;PAGA
000160;10016;2026-01-05;2026-01-20;2692.32;PAGA
000161;10016;2026-02-05;2026-02-20;2582.37;PAGA
000162;10016;2026-03-05;2026-03-20;2702.23;PAGA
000163;10016;2026-04-05;2026-04-20;2598.08;PAGA
000164;10016;2026-05-05;2026-05-20;2610.77;PAGA
000165;10016;2026-06-05;2026-06-20;2643.47;PAGA
000166;10016;2026-07-05;2026-07-20;2649.16;PAGA
000167;10016;2026-08-05;2026-08-20;2597.04;PAGA
000168;10016;2026-09-05;2026-09-20;2583.10;EM ABERTO
000169;10017;2025-10-05;2025-10-20;6651.21;PAGA
000170;10017;2025-11-05;2025-11-20;6629.16;PAGA
000171;10017;2025-12-05;2025-12-20;6429.10;PAGA
000172;10017;2026-01-05;2026-01-20;6349.02;PAGA
000173;10017;2026-02-05;2026-02-20;6671.25;PAGA
000174;10017;2026-03-05;2026-03-20;6702.82;PAGA
000175;10017;2026-04-05;2026-04-20;6564.98;PAGA
000176;10017;2026-05-05;2026-05-20;6522.01;PAGA
000177;10017;2026-06-05;2026-06-20;6523.62;PAGA
000178;10017;2026-07-05;2026-07-20;6573.18;PAGA
000179;10017;2026-08-05;2026-08-20;6561.58;ATRASADA
000180;10017;2026-09-05;2026-09-20;6622.63;ATRASADA
000181;10018;2025-10-05;2025-10-20;8179.38;PAGA
000182;10018;2025-11-05;2025-11-20;8485.80;PAGA
000183;10018;2025-12-05;2025-12-20;8516.03;PAGA
000184;10018;2026-01-05;2026-01-20;8147.68;PAGA
000185;10018;2026-02-05;2026-02-20;8408.91;PAGA
000186;10018;2026-03-05;2026-03-20;8374.00;PAGA
000187;10018;2026-04-05;2026-04-20;8513.76;PAGA
000188;10018;2026-05-05;2026-05-20;8512.33;PAGA
000189;10018;2026-06-05;2026-06-20;8330.42;PAGA
000190;10018;2026-07-05;2026-07-20;8395.66;ATRASADA
000191;10018;2026-08-05;2026-08-20;8232.79;ATRASADA
000192;10018;2026-09-05;2026-09-20;8154.86;ATRASADA
000193;10019;2025-10-05;2025-10-20;1848.03;PAGA
000194;10019;2025-11-05;2025-11-20;1836.84;PAGA
000195;10019;2025-12-05;2025-12-20;1879.18;PAGA
000196;10019;2026-01-05;2026-01-20;1879.09;PAGA
000197;10019;2026-02-05;2026-02-20;1843.70;PAGA
000198;10019;2026-03-05;2026-03-20;1820.29;PAGA
000199;10019;2026-04-05;2026-04-20;1851.03;PAGA
000200;10019;2026-05-05;2026-05-20;1860.33;PAGA
000201;10019;2026-06-05;2026-06-20;1874.82;PAGA
000202;10019;2026-07-05;2026-07-20;1800.19;PAGA
000203;10019;2026-08-05;2026-08-20;1783.67;PAGA
000204;10019;2026-09-05;2026-09-20;1885.88;EM ABERTO
000205;10020;2025-10-05;2025-10-20;5650.64;PAGA
000206;10020;2025-11-05;2025-11-20;5812.74;PAGA
000207;10020;2025-12-05;2025-12-20;5636.20;PAGA
000208;10020;2026-01-05;2026-01-20;5874.61;PAGA
000209;10020;2026-02-05;2026-02-20;5922.32;PAGA
000210;10020;2026-03-05;2026-03-20;5896.68;PAGA
000211;10020;2026-04-05;2026-04-20;5776.13;PAGA
000212;10020;2026-05-05;2026-05-20;5839.44;PAGA
000213;10020;2026-06-05;2026-06-20;5702.75;PAGA
000214;10020;2026-07-05;2026-07-20;5733.23;PAGA
000215;10020;2026-08-05;2026-08-20;5758.15;PAGA
000216;10020;2026-09-05;2026-09-20;5670.85;EM ABERTO
000217;10021;2025-10-05;2025-10-20;7820.55;PAGA
000218;10021;2025-11-05;2025-11-20;8122.64;PAGA
000219;10021;2025-12-05;2025-12-20;7793.27;PAGA
000220;10021;2026-01-05;2026-01-20;7958.90;PAGA
000221;10021;2026-02-05;2026-02-20;7840.48;PAGA
000222;10021;2026-03-05;2026-03-20;7867.68;PAGA
000223;10021;2026-04-05;2026-04-20;7941.84;PAGA
000224;10021;2026-05-05;2026-05-20;8092.27;PAGA
000225;10021;2026-06-05;2026-06-20;8061.76;PAGA
000226;10021;2026-07-05;2026-07-20;8114.83;PAGA
000227;10021;2026-08-05;2026-08-20;8035.91;PAGA
000228;10021;2026-09-05;2026-09-20;7909.02;EM ABERTO
000229;10022;2025-10-05;2025-10-20;2719.30;PAGA
000230;10022;2025-11-05;2025-11-20;2628.03;PAGA
000231;10022;2025-12-05;2025-12-20;2694.98;PAGA
000232;10022;2026-01-05;2026-01-20;2763.20;PAGA
000233;10022;2026-02-05;2026-02-20;2729.92;PAGA
000234;10022;2026-03-05;2026-03-20;2722.26;PAGA
000235;10022;2026-04-05;2026-04-20;2737.17;PAGA
000236;10022;2026-05-05;2026-05-20;2730.11;PAGA
000237;10022;2026-06-05;2026-06-20;2697.46;PAGA
000238;10022;2026-07-05;2026-07-20;2683.20;ATRASADA
000239;10022;2026-08-05;2026-08-20;2703.76;ATRASADA
000240;10022;2026-09-05;2026-09-20;2756.09;ATRASADA
000241;10023;2025-10-05;2025-10-20;3503.62;PAGA
000242;10024;2025-11-05;2025-11-20;3426.76;PAGA
000243;10023;2025-12-05;2025-12-20;3472.09;PAGA
000244;10024;2026-01-05;2026-01-20;3402.63;PAGA
000245;10023;2026-02-05;2026-02-20;3469.23;PAGA
000246;10024;2026-03-05;2026-03-20;3548.11;PAGA
000247;10023;2026-04-05;2026-04-20;3495.70;PAGA
000248;10024;2026-05-05;2026-05-20;3531.69;PAGA
000249;10023;2026-06-05;2026-06-20;3412.61;PAGA
000250;10024;2026-07-05;2026-07-20;3413.51;PAGA
000251;10023;2026-08-05;2026-08-20;3439.42;PAGA
000252;10024;2026-09-05;2026-09-20;3445.90;EM ABERTO
000253;10025;2025-10-05;2025-10-20;4777.24;PAGA
000254;10025;2025-11-05;2025-11-20;4861.56;PAGA
000255;10025;2025-12-05;2025-12-20;4938.73;PAGA
000256;10025;2026-01-05;2026-01-20;4974.36;PAGA
000257;10025;2026-02-05;2026-02-20;4930.85;PAGA
000258;10025;2026-03-05;2026-03-20;4881.33;PAGA
000259;10025;2026-04-05;2026-04-20;4827.30;PAGA
000260;10025;2026-05-05;2026-05-20;4697.17;PAGA
000261;10025;2026-06-05;2026-06-20;4974.81;PAGA
000262;10025;2026-07-05;2026-07-20;4824.49;PAGA
000263;10025;2026-08-05;2026-08-20;4881.17;PAGA
000264;10025;2026-09-05;2026-09-20;4747.39;EM ABERTO
000265;10026;2025-10-05;2025-10-20;8250.92;PAGA
000266;10026;2025-11-05;2025-11-20;8385.63;PAGA
000267;10026;2025-12-05;2025-12-20;8273.65;PAGA
000268;10026;2026-01-05;2026-01-20;8474.05;PAGA
000269;10026;2026-02-05;2026-02-20;8250.59;PAGA
000270;10026;2026-03-05;2026-03-20;8655.46;PAGA
000271;10026;2026-04-05;2026-04-20;8416.25;PAGA
000272;10026;2026-05-05;2026-05-20;8290.39;PAGA
000273;10026;2026-06-05;2026-06-20;8298.41;PAGA
000274;10026;2026-07-05;2026-07-20;8571.41;PAGA
000275;10026;2026-08-05;2026-08-20;8667.17;PAGA
000276;10026;2026-09-05;2026-09-20;8364.65;EM ABERTO
000277;10027;2025-10-05;2025-10-20;8064.62;PAGA
000278;10027;2025-11-05;2025-11-20;7919.16;PAGA
000279;10027;2025-12-05;2025-12-20;7918.80;PAGA
000280;10027;2026-01-05;2026-01-20;7862.77;PAGA
000281;10027;2026-02-05;2026-02-20;7860.42;PAGA
000282;10027;2026-03-05;2026-03-20;7891.80;PAGA
000283;10027;2026-04-05;2026-04-20;8016.21;PAGA
000284;10027;2026-05-05;2026-05-20;8252.79;PAGA
000285;10027;2026-06-05;2026-06-20;7999.10;PAGA
000286;10027;2026-07-05;2026-07-20;7831.81;PAGA
000287;10027;2026-08-05;2026-08-20;8042.06;PAGA
000288;10027;2026-09-05;2026-09-20;7889.30;EM ABERTO
000289;10028;2025-10-05;2025-10-20;3141.22;PAGA
000290;10028;2025-11-05;2025-11-20;3126.01;PAGA
000291;10028;2025-12-05;2025-12-20;3171.21;PAGA
000292;10028;2026-01-05;2026-01-20;3257.70;PAGA
000293;10028;2026-02-05;2026-02-20;3251.68;PAGA
000294;10028;2026-03-05;2026-03-20;3253.91;PAGA
000295;10028;2026-04-05;2026-04-20;3224.28;PAGA
000296;10028;2026-05-05;2026-05-20;3127.47;PAGA
000297;10028;2026-06-05;2026-06-20;3116.43;PAGA
000298;10028;2026-07-05;2026-07-20;3113.33;PAGA
000299;10028;2026-08-05;2026-08-20;3185.97;PAGA
000300;10028;2026-09-05;2026-09-20;3208.40;EM ABERTO
000301;10029;2025-10-05;2025-10-20;8939.11;PAGA
000302;10029;2025-11-05;2025-11-20;9017.69;PAGA
000303;10029;2025-12-05;2025-12-20;9059.51;PAGA
000304;10029;2026-01-05;2026-01-20;9230.09;PAGA
000305;10029;2026-02-05;2026-02-20;9115.37;PAGA
000306;10029;2026-03-05;2026-03-20;9098.49;PAGA
000307;10029;2026-04-05;2026-04-20;8947.96;PAGA
000308;10029;2026-05-05;2026-05-20;9179.35;PAGA
000309;10029;2026-06-05;2026-06-20;9068.89;PAGA
000310;10029;2026-07-05;2026-07-20;8779.61;PAGA
000311;10029;2026-08-05;2026-08-20;9140.45;PAGA
000312;10029;2026-09-05;2026-09-20;9019.11;EM ABERTO
000313;10030;2025-10-05;2025-10-20;3926.11;PAGA
000314;10030;2025-11-05;2025-11-20;3937.06;PAGA
000315;10030;2025-12-05;2025-12-20;3940.60;PAGA
000316;10030;2026-01-05;2026-01-20;3835.41;PAGA
000317;10030;2026-02-05;2026-02-20;3890.27;PAGA
000318;10030;2026-03-05;2026-03-20;3952.50;PAGA
000319;10030;2026-04-05;2026-04-20;3773.85;PAGA
000320;10030;2026-05-05;2026-05-20;3882.87;PAGA
000321;10030;2026-06-05;2026-06-20;3836.94;PAGA
000322;10030;2026-07-05;2026-07-20;3877.81;PAGA
000323;10030;2026-08-05;2026-08-20;3765.87;PAGA
000324;10030;2026-09-05;2026-09-20;3925.88;EM ABERTO
000325;10031;2025-10-05;2025-10-20;5009.46;PAGA
000326;10031;2025-11-05;2025-11-20;5073.81;PAGA
000327;10031;2025-12-05;2025-12-20;4884.69;PAGA
000328;10031;2026-01-05;2026-01-20;5132.83;PAGA
000329;10031;2026-02-05;2026-02-20;4861.73;PAGA
000330;10031;2026-03-05;2026-03-20;5155.17;PAGA
000331;10031;2026-04-05;2026-04-20;5074.66;PAGA
000332;10031;2026-05-05;2026-05-20;5042.88;PAGA
000333;10031;2026-06-05;2026-06-20;4960.29;PAGA
000334;10031;2026-07-05;2026-07-20;4978.02;PAGA
000335;10031;2026-08-05;2026-08-20;5050.19;PAGA
000336;10031;2026-09-05;2026-09-20;4979.76;EM ABERTO
000337;10032;2025-10-05;2025-10-20;8659.47;PAGA
000338;10032;2025-11-05;2025-11-20;8695.93;PAGA
000339;10032;2025-12-05;2025-12-20;8646.34;PAGA
000340;10032;2026-01-05;2026-01-20;8594.85;PAGA
000341;10032;2026-02-05;2026-02-20;8620.11;PAGA
000342;10032;2026-03-05;2026-03-20;8795.08;PAGA
000343;10032;2026-04-05;2026-04-20;8688.51;PAGA
000344;10032;2026-05-05;2026-05-20;8704.44;PAGA
000345;10032;2026-06-05;2026-06-20;8517.84;PAGA
000346;10032;2026-07-05;2026-07-20;8516.97;PAGA
000347;10032;2026-08-05;2026-08-20;8688.85;ATRASADA
000348;10032;2026-09-05;2026-09-20;9040.67;ATRASADA
000349;10033;2025-10-05;2025-10-20;3191.78;PAGA
000350;10033;2025-11-05;2025-11-20;3177.34;PAGA
000351;10033;2025-12-05;2025-12-20;3136.91;PAGA
000352;10033;2026-01-05;2026-01-20;3155.43;PAGA
000353;10033;2026-02-05;2026-02-20;3178.82;PAGA
000354;10033;2026-03-05;2026-03-20;3083.00;PAGA
000355;10033;2026-04-05;2026-04-20;3101.92;PAGA
000356;10033;2026-05-05;2026-05-20;3168.87;PAGA
000357;10033;2026-06-05;2026-06-20;3230.25;PAGA
000358;10033;2026-07-05;2026-07-20;3245.76;PAGA
000359;10033;2026-08-05;2026-08-20;3248.35;PAGA
000360;10033;2026-09-05;2026-09-20;3118.25;EM ABERTO
000361;10034;2025-10-05;2025-10-20;4047.34;PAGA
000362;10034;2025-11-05;2025-11-20;4053.42;PAGA
000363;10034;2025-12-05;2025-12-20;4119.62;PAGA
000364;10034;2026-01-05;2026-01-20;4040.67;PAGA
000365;10034;2026-02-05;2026-02-20;4046.95;PAGA
000366;10034;2026-03-05;2026-03-20;4002.10;PAGA
000367;10034;2026-04-05;2026-04-20;4111.39;PAGA
000368;10034;2026-05-05;2026-05-20;4040.89;PAGA
000369;10034;2026-06-05;2026-06-20;4044.41;PAGA
000370;10034;2026-07-05;2026-07-20;4121.62;PAGA
000371;10034;2026-08-05;2026-08-20;4149.28;PAGA
000372;10034;2026-09-05;2026-09-20;3970.60;EM ABERTO
000373;10035;2025-10-05;2025-10-20;2006.89;PAGA
000374;10035;2025-11-05;2025-11-20;2080.25;PAGA
000375;10035;2025-12-05;2025-12-20;2099.47;PAGA
000376;10035;2026-01-05;2026-01-20;2041.20;PAGA
000377;10035;2026-02-05;2026-02-20;2002.02;PAGA
000378;10035;2026-03-05;2026-03-20;2087.43;PAGA
000379;10035;2026-04-05;2026-04-20;2032.03;PAGA
000380;10035;2026-05-05;2026-05-20;2000.71;PAGA
000381;10035;2026-06-05;2026-06-20;2059.68;PAGA
000382;10035;2026-07-05;2026-07-20;2116.26;PAGA
000383;10035;2026-08-05;2026-08-20;2099.09;PAGA
000384;10035;2026-09-05;2026-09-20;2114.66;EM ABERTO
000385;10036;2025-10-05;2025-10-20;7229.00;PAGA
000386;10036;2025-11-05;2025-11-20;7244.64;PAGA
000387;10036;2025-12-05;2025-12-20;7238.83;PAGA
000388;10036;2026-01-05;2026-01-20;7183.08;PAGA
000389;10036;2026-02-05;2026-02-20;7480.23;PAGA
000390;10036;2026-03-05;2026-03-20;7258.39;PAGA
000391;10036;2026-04-05;2026-04-20;7506.75;PAGA
000392;10036;2026-05-05;2026-05-20;7364.76;PAGA
000393;10036;2026-06-05;2026-06-20;7420.85;PAGA
000394;10036;2026-07-05;2026-07-20;7515.80;ATRASADA
000395;10036;2026-08-05;2026-08-20;7380.99;ATRASADA
000396;10036;2026-09-05;2026-09-20;7292.50;ATRASADA
000397;10037;2025-10-05;2025-10-20;1716.67;PAGA
000398;10037;2025-11-05;2025-11-20;1661.30;PAGA
000399;10037;2025-12-05;2025-12-20;1658.71;PAGA
000400;10037;2026-01-05;2026-01-20;1705.21;PAGA
000401;10037;2026-02-05;2026-02-20;1663.31;PAGA
000402;10037;2026-03-05;2026-03-20;1675.01;PAGA
000403;10037;2026-04-05;2026-04-20;1702.00;PAGA
000404;10037;2026-05-05;2026-05-20;1670.32;PAGA
000405;10037;2026-06-05;2026-06-20;1642.72;PAGA
000406;10037;2026-07-05;2026-07-20;1658.89;PAGA
000407;10037;2026-08-05;2026-08-20;1671.70;PAGA
000408;10037;2026-09-05;2026-09-20;1660.15;EM ABERTO
000409;10038;2025-10-05;2025-10-20;1374.26;PAGA
000410;10038;2025-11-05;2025-11-20;1419.79;PAGA
000411;10038;2025-12-05;2025-12-20;1404.43;PAGA
000412;10038;2026-01-05;2026-01-20;1348.81;PAGA
000413;10038;2026-02-05;2026-02-20;1414.41;PAGA
000414;10038;2026-03-05;2026-03-20;1368.65;PAGA
000415;10038;2026-04-05;2026-04-20;1381.99;PAGA
000416;10038;2026-05-05;2026-05-20;1387.16;PAGA
000417;10038;2026-06-05;2026-06-20;1372.35;PAGA
000418;10038;2026-07-05;2026-07-20;1362.32;PAGA
000419;10038;2026-08-05;2026-08-20;1377.06;PAGA
000420;10038;2026-09-05;2026-09-20;1358.27;EM ABERTO
000421;10039;2025-10-05;2025-10-20;834.66;PAGA
000422;10039;2025-11-05;2025-11-20;852.55;PAGA
000423;10039;2025-12-05;2025-12-20;822.53;PAGA
000424;10039;2026-01-05;2026-01-20;824.50;PAGA
000425;10039;2026-02-05;2026-02-20;851.62;PAGA
000426;10039;2026-03-05;2026-03-20;836.09;PAGA
000427;10039;2026-04-05;2026-04-20;828.47;PAGA
000428;10039;2026-05-05;2026-05-20;819.10;PAGA
000429;10039;2026-06-05;2026-06-20;837.64;PAGA
000430;10039;2026-07-05;2026-07-20;848.95;PAGA
000431;10039;2026-08-05;2026-08-20;829.06;PAGA
000432;10039;2026-09-05;2026-09-20;846.52;EM ABERTO
000433;10040;2025-10-05;2025-10-20;6308.86;PAGA
000434;10040;2025-11-05;2025-11-20;6476.16;PAGA
000435;10040;2025-12-05;2025-12-20;6346.18;PAGA
000436;10040;2026-01-05;2026-01-20;6391.13;PAGA
000437;10040;2026-02-05;2026-02-20;6305.99;PAGA
000438;10040;2026-03-05;2026-03-20;6181.12;PAGA
000439;10040;2026-04-05;2026-04-20;6449.62;PAGA
000440;10040;2026-05-05;2026-05-20;6358.13;PAGA
000441;10040;2026-06-05;2026-06-20;6242.03;PAGA
000442;10040;2026-07-05;2026-07-20;6502.62;PAGA
000443;10040;2026-08-05;2026-08-20;6229.15;PAGA
000444;10040;2026-09-05;2026-09-20;6369.78;EM ABERTO
000445;10041;2025-10-05;2025-10-20;8182.57;PAGA
000446;10041;2025-11-05;2025-11-20;8201.88;PAGA
000447;10041;2025-12-05;2025-12-20;8181.91;PAGA
000448;10041;2026-01-05;2026-01-20;8072.47;PAGA
000449;10041;2026-02-05;2026-02-20;8182.10;PAGA
000450;10041;2026-03-05;2026-03-20;7986.50;PAGA
000451;10041;2026-04-05;2026-04-20;8105.04;PAGA
000452;10041;2026-05-05;2026-05-20;8287.77;PAGA
000453;10041;2026-06-05;2026-06-20;8203.45;PAGA
000454;10041;2026-07-05;2026-07-20;8186.46;PAGA
000455;10041;2026-08-05;2026-08-20;8248.59;PAGA
000456;10041;2026-09-05;2026-09-20;7978.81;EM ABERTO
000457;10042;2025-10-05;2025-10-20;6446.70;PAGA
000458;10042;2025-11-05;2025-11-20;6613.32;PAGA
000459;10042;2025-12-05;2025-12-20;6679.71;PAGA
000460;10042;2026-01-05;2026-01-20;6503.42;PAGA
000461;10042;2026-02-05;2026-02-20;6491.51;PAGA
000462;10042;2026-03-05;2026-03-20;6541.66;PAGA
000463;10042;2026-04-05;2026-04-20;6724.03;PAGA
000464;10042;2026-05-05;2026-05-20;6600.70;PAGA
000465;10042;2026-06-05;2026-06-20;6470.39;PAGA
000466;10042;2026-07-05;2026-07-20;6510.13;ATRASADA
000467;10042;2026-08-05;2026-08-20;6591.60;ATRASADA
000468;10042;2026-09-05;2026-09-20;6390.66;ATRASADA
000469;10043;2025-10-05;2025-10-20;7597.72;PAGA
000470;10043;2025-11-05;2025-11-20;7701.40;PAGA
000471;10043;2025-12-05;2025-12-20;7495.35;PAGA
000472;10043;2026-01-05;2026-01-20;7812.37;PAGA
000473;10043;2026-02-05;2026-02-20;7735.38;PAGA
000474;10043;2026-03-05;2026-03-20;7784.98;PAGA
000475;10043;2026-04-05;2026-04-20;7535.65;PAGA
000476;10043;2026-05-05;2026-05-20;7777.04;PAGA
000477;10043;2026-06-05;2026-06-20;7764.04;PAGA
000478;10043;2026-07-05;2026-07-20;7650.80;PAGA
000479;10043;2026-08-05;2026-08-20;7482.38;PAGA
000480;10043;2026-09-05;2026-09-20;7864.78;EM ABERTO
000481;10044;2025-10-05;2025-10-20;6087.36;PAGA
000482;10044;2025-11-05;2025-11-20;5826.14;PAGA
000483;10044;2025-12-05;2025-12-20;5825.56;PAGA
000484;10044;2026-01-05;2026-01-20;5866.39;PAGA
000485;10044;2026-02-05;2026-02-20;5959.58;PAGA
000486;10044;2026-03-05;2026-03-20;5913.81;PAGA
000487;10044;2026-04-05;2026-04-20;5781.46;PAGA
000488;10044;2026-05-05;2026-05-20;5917.60;PAGA
000489;10044;2026-06-05;2026-06-20;6012.52;PAGA
000490;10044;2026-07-05;2026-07-20;5864.80;PAGA
000491;10044;2026-08-05;2026-08-20;5901.58;PAGA
000492;10044;2026-09-05;2026-09-20;5959.94;ATRASADA
000493;10045;2025-10-05;2025-10-20;4872.70;PAGA
000494;10045;2025-11-05;2025-11-20;4865.97;PAGA
000495;10045;2025-12-05;2025-12-20;5045.03;PAGA
000496;10045;2026-01-05;2026-01-20;4791.11;PAGA
000497;10045;2026-02-05;2026-02-20;5029.88;PAGA
000498;10045;2026-03-05;2026-03-20;5032.80;PAGA
000499;10045;2026-04-05;2026-04-20;5031.65;PAGA
000500;10045;2026-05-05;2026-05-20;4975.97;PAGA
000501;10045;2026-06-05;2026-06-20;5070.79;PAGA
000502;10045;2026-07-05;2026-07-20;5000.63;PAGA
000503;10045;2026-08-05;2026-08-20;5027.27;PAGA
000504;10045;2026-09-05;2026-09-20;4866.85;EM ABERTO
000505;10046;2025-10-05;2025-10-20;5082.97;PAGA
000506;10046;2025-11-05;2025-11-20;5326.14;PAGA
000507;10046;2025-12-05;2025-12-20;5131.12;PAGA
000508;10046;2026-01-05;2026-01-20;5250.67;PAGA
000509;10046;2026-02-05;2026-02-20;5216.65;PAGA
000510;10046;2026-03-05;2026-03-20;5311.27;PAGA
000511;10046;2026-04-05;2026-04-20;5112.37;PAGA
000512;10046;2026-05-05;2026-05-20;5165.31;PAGA
000513;10046;2026-06-05;2026-06-20;5344.56;PAGA
000514;10046;2026-07-05;2026-07-20;5201.80;PAGA
000515;10046;2026-08-05;2026-08-20;5396.93;PAGA
000516;10046;2026-09-05;2026-09-20;5095.05;EM ABERTO
000517;10047;2025-10-05;2025-10-20;4060.84;PAGA
000518;10047;2025-11-05;2025-11-20;4055.78;PAGA
000519;10047;2025-12-05;2025-12-20;4067.37;PAGA
000520;10047;2026-01-05;2026-01-20;3946.06;PAGA
000521;10047;2026-02-05;2026-02-20;4142.04;PAGA
000522;10047;2026-03-05;2026-03-20;3998.10;PAGA
000523;10047;2026-04-05;2026-04-20;4145.11;PAGA
000524;10047;2026-05-05;2026-05-20;4154.37;PAGA
000525;10047;2026-06-05;2026-06-20;3985.99;PAGA
000526;10047;2026-07-05;2026-07-20;3997.28;PAGA
000527;10047;2026-08-05;2026-08-20;3971.99;PAGA
000528;10047;2026-09-05;2026-09-20;4118.50;EM ABERTO
000529;10048;2025-10-05;2025-10-20;6715.40;PAGA
000530;10048;2025-11-05;2025-11-20;6846.33;PAGA
000531;10048;2025-12-05;2025-12-20;6996.43;PAGA
000532;10048;2026-01-05;2026-01-20;6817.94;PAGA
000533;10048;2026-02-05;2026-02-20;6807.05;PAGA
000534;10048;2026-03-05;2026-03-20;6822.10;PAGA
000535;10048;2026-04-05;2026-04-20;6726.49;PAGA
000536;10048;2026-05-05;2026-05-20;6818.26;PAGA
000537;10048;2026-06-05;2026-06-20;6865.70;PAGA
000538;10048;2026-07-05;2026-07-20;6975.16;ATRASADA
000539;10048;2026-08-05;2026-08-20;6814.90;ATRASADA
000540;10048;2026-09-05;2026-09-20;6859.93;ATRASADA
000541;10049;2025-10-05;2025-10-20;4426.40;PAGA
000542;10049;2025-11-05;2025-11-20;4398.07;PAGA
000543;10049;2025-12-05;2025-12-20;4443.21;PAGA
000544;10049;2026-01-05;2026-01-20;4579.72;PAGA
000545;10049;2026-02-05;2026-02-20;4399.80;PAGA
000546;10049;2026-03-05;2026-03-20;4461.97;PAGA
000547;10049;2026-04-05;2026-04-20;4542.34;PAGA
000548;10049;2026-05-05;2026-05-20;4421.12;PAGA
000549;10049;2026-06-05;2026-06-20;4545.41;PAGA
000550;10049;2026-07-05;2026-07-20;4450.89;PAGA
000551;10049;2026-08-05;2026-08-20;4548.14;PAGA
000552;10049;2026-09-05;2026-09-20;4484.03;EM ABERTO
000553;10050;2025-10-05;2025-10-20;7193.43;PAGA
000554;10050;2025-11-05;2025-11-20;7133.31;PAGA
000555;10050;2025-12-05;2025-12-20;7202.39;PAGA
000556;10050;2026-01-05;2026-01-20;7114.90;PAGA
000557;10050;2026-02-05;2026-02-20;7213.98;PAGA
000558;10050;2026-03-05;2026-03-20;7064.79;PAGA
000559;10050;2026-04-05;2026-04-20;7255.23;PAGA
000560;10050;2026-05-05;2026-05-20;7049.67;PAGA
000561;10050;2026-06-05;2026-06-20;7314.16;PAGA
000562;10050;2026-07-05;2026-07-20;7157.01;PAGA
000563;10050;2026-08-05;2026-08-20;7376.16;PAGA
000564;10050;2026-09-05;2026-09-20;7122.04;EM ABERTO
000565;10051;2025-10-05;2025-10-20;5618.96;PAGA
000566;10052;2025-11-05;2025-11-20;5749.24;PAGA
000567;10051;2025-12-05;2025-12-20;5570.52;PAGA
000568;10052;2026-01-05;2026-01-20;5799.83;PAGA
000569;10051;2026-02-05;2026-02-20;5871.05;PAGA
000570;10052;2026-03-05;2026-03-20;5609.98;PAGA
000571;10051;2026-04-05;2026-04-20;5889.33;PAGA
000572;10052;2026-05-05;2026-05-20;5655.17;PAGA
000573;10051;2026-06-05;2026-06-20;5809.15;PAGA
000574;10052;2026-07-05;2026-07-20;5716.02;PAGA
000575;10051;2026-08-05;2026-08-20;5773.44;PAGA
000576;10052;2026-09-05;2026-09-20;5792.31;EM ABERTO
000577;10053;2025-10-05;2025-10-20;2958.59;PAGA
000578;10053;2025-11-05;2025-11-20;2980.26;PAGA
000579;10053;2025-12-05;2025-12-20;2994.07;PAGA
000580;10053;2026-01-05;2026-01-20;3027.84;PAGA
000581;10053;2026-02-05;2026-02-20;2959.83;PAGA
000582;10053;2026-03-05;2026-03-20;3030.63;PAGA
000583;10053;2026-04-05;2026-04-20;2988.94;PAGA
000584;10053;2026-05-05;2026-05-20;3037.43;PAGA
000585;10053;2026-06-05;2026-06-20;3072.24;PAGA
000586;10053;2026-07-05;2026-07-20;3093.39;PAGA
000587;10053;2026-08-05;2026-08-20;3103.32;PAGA
000588;10053;2026-09-05;2026-09-20;3007.46;EM ABERTO
000589;10054;2025-10-05;2025-10-20;8282.00;PAGA
000590;10054;2025-11-05;2025-11-20;8580.56;PAGA
000591;10054;2025-12-05;2025-12-20;8293.17;PAGA
000592;10054;2026-01-05;2026-01-20;8265.21;PAGA
000593;10054;2026-02-05;2026-02-20;8411.37;PAGA
000594;10054;2026-03-05;2026-03-20;8335.23;PAGA
000595;10054;2026-04-05;2026-04-20;8275.55;PAGA
000596;10054;2026-05-05;2026-05-20;8573.72;PAGA
000597;10054;2026-06-05;2026-06-20;8638.75;PAGA
000598;10054;2026-07-05;2026-07-20;8684.96;PAGA
000599;10054;2026-08-05;2026-08-20;8397.21;PAGA
000600;10054;2026-09-05;2026-09-20;8338.97;ATRASADA
000601;10055;2025-10-05;2025-10-20;8694.80;PAGA
000602;10055;2025-11-05;2025-11-20;8588.97;PAGA
000603;10055;2025-12-05;2025-12-20;8599.05;PAGA
000604;10055;2026-01-05;2026-01-20;8559.62;PAGA
000605;10055;2026-02-05;2026-02-20;8413.73;PAGA
000606;10055;2026-03-05;2026-03-20;8428.90;PAGA
000607;10055;2026-04-05;2026-04-20;8694.88;PAGA
000608;10055;2026-05-05;2026-05-20;8378.55;PAGA
000609;10055;2026-06-05;2026-06-20;8735.92;PAGA
000610;10055;2026-07-05;2026-07-20;8628.71;PAGA
000611;10055;2026-08-05;2026-08-20;8387.60;PAGA
000612;10055;2026-09-05;2026-09-20;8448.36;ATRASADA
000613;10056;2025-10-05;2025-10-20;4913.56;PAGA
000614;10056;2025-11-05;2025-11-20;4896.30;PAGA
000615;10056;2025-12-05;2025-12-20;4740.49;PAGA
000616;10056;2026-01-05;2026-01-20;4896.82;PAGA
000617;10056;2026-02-05;2026-02-20;4735.55;PAGA
000618;10056;2026-03-05;2026-03-20;4799.99;PAGA
000619;10056;2026-04-05;2026-04-20;4819.30;PAGA
000620;10056;2026-05-05;2026-05-20;4732.88;PAGA
000621;10056;2026-06-05;2026-06-20;4832.51;PAGA
000622;10056;2026-07-05;2026-07-20;4863.68;PAGA
000623;10056;2026-08-05;2026-08-20;4773.16;PAGA
000624;10056;2026-09-05;2026-09-20;4811.42;EM ABERTO
000625;10057;2025-10-05;2025-10-20;6466.37;PAGA
000626;10057;2025-11-05;2025-11-20;6408.02;PAGA
000627;10057;2025-12-05;2025-12-20;6210.53;PAGA
000628;10057;2026-01-05;2026-01-20;6452.50;PAGA
000629;10057;2026-02-05;2026-02-20;6309.63;PAGA
000630;10057;2026-03-05;2026-03-20;6572.25;PAGA
000631;10057;2026-04-05;2026-04-20;6369.79;PAGA
000632;10057;2026-05-05;2026-05-20;6564.91;PAGA
000633;10057;2026-06-05;2026-06-20;6298.34;PAGA
000634;10057;2026-07-05;2026-07-20;6550.61;PAGA
000635;10057;2026-08-05;2026-08-20;6289.84;PAGA
000636;10057;2026-09-05;2026-09-20;6423.70;EM ABERTO
000637;10058;2025-10-05;2025-10-20;6789.00;PAGA
000638;10058;2025-11-05;2025-11-20;6740.90;PAGA
000639;10058;2025-12-05;2025-12-20;6522.48;PAGA
000640;10058;2026-01-05;2026-01-20;6803.53;PAGA
000641;10058;2026-02-05;2026-02-20;6568.40;PAGA
000642;10058;2026-03-05;2026-03-20;6854.52;PAGA
000643;10058;2026-04-05;2026-04-20;6746.77;PAGA
000644;10058;2026-05-05;2026-05-20;6864.87;PAGA
000645;10058;2026-06-05;2026-06-20;6637.24;PAGA
000646;10058;2026-07-05;2026-07-20;6766.46;ATRASADA
000647;10058;2026-08-05;2026-08-20;6860.75;ATRASADA
000648;10058;2026-09-05;2026-09-20;6620.92;ATRASADA
000649;10059;2025-10-05;2025-10-20;1926.08;PAGA
000650;10059;2025-11-05;2025-11-20;1884.87;PAGA
000651;10059;2025-12-05;2025-12-20;1963.39;PAGA
000652;10059;2026-01-05;2026-01-20;1925.15;PAGA
000653;10059;2026-02-05;2026-02-20;1921.93;PAGA
000654;10059;2026-03-05;2026-03-20;1862.02;PAGA
000655;10059;2026-04-05;2026-04-20;1884.29;PAGA
000656;10059;2026-05-05;2026-05-20;1962.14;PAGA
000657;10059;2026-06-05;2026-06-20;1896.78;PAGA
000658;10059;2026-07-05;2026-07-20;1855.86;PAGA
000659;10059;2026-08-05;2026-08-20;1906.45;PAGA
000660;10059;2026-09-05;2026-09-20;1912.53;EM ABERTO
000661;10060;2025-10-05;2025-10-20;7272.50;PAGA
000662;10060;2025-11-05;2025-11-20;6977.45;PAGA
000663;10060;2025-12-05;2025-12-20;6905.73;PAGA
000664;10060;2026-01-05;2026-01-20;7216.31;PAGA
000665;10060;2026-02-05;2026-02-20;6925.55;PAGA
000666;10060;2026-03-05;2026-03-20;7144.92;PAGA
000667;10060;2026-04-05;2026-04-20;7010.85;PAGA
000668;10060;2026-05-05;2026-05-20;7257.72;PAGA
000669;10060;2026-06-05;2026-06-20;7125.23;PAGA
000670;10060;2026-07-05;2026-07-20;7125.14;PAGA
000671;10060;2026-08-05;2026-08-20;6912.49;PAGA
000672;10060;2026-09-05;2026-09-20;6957.46;EM ABERTO
000673;10061;2025-10-05;2025-10-20;1766.01;PAGA
000674;10061;2025-11-05;2025-11-20;1865.43;PAGA
000675;10061;2025-12-05;2025-12-20;1796.41;PAGA
000676;10061;2026-01-05;2026-01-20;1816.07;PAGA
000677;10061;2026-02-05;2026-02-20;1862.03;PAGA
000678;10061;2026-03-05;2026-03-20;1867.65;PAGA
000679;10061;2026-04-05;2026-04-20;1794.76;PAGA
000680;10061;2026-05-05;2026-05-20;1805.61;PAGA
000681;10061;2026-06-05;2026-06-20;1869.18;PAGA
000682;10061;2026-07-05;2026-07-20;1814.33;PAGA
000683;10061;2026-08-05;2026-08-20;1872.54;ATRASADA
000684;10061;2026-09-05;2026-09-20;1837.26;ATRASADA
000685;10062;2025-10-05;2025-10-20;6621.48;PAGA
000686;10062;2025-11-05;2025-11-20;6886.08;PAGA
000687;10062;2025-12-05;2025-12-20;6941.38;PAGA
000688;10062;2026-01-05;2026-01-20;6741.69;PAGA
000689;10062;2026-02-05;2026-02-20;6710.29;PAGA
000690;10062;2026-03-05;2026-03-20;6552.56;PAGA
000691;10062;2026-04-05;2026-04-20;6749.69;PAGA
000692;10062;2026-05-05;2026-05-20;6935.30;PAGA
000693;10062;2026-06-05;2026-06-20;6709.79;PAGA
000694;10062;2026-07-05;2026-07-20;6758.73;PAGA
000695;10062;2026-08-05;2026-08-20;6590.85;PAGA
000696;10062;2026-09-05;2026-09-20;6591.19;ATRASADA
000697;10063;2025-10-05;2025-10-20;2315.65;PAGA
000698;10064;2025-11-05;2025-11-20;2279.99;PAGA
000699;10063;2025-12-05;2025-12-20;2325.95;PAGA
000700;10064;2026-01-05;2026-01-20;2316.44;PAGA
000701;10063;2026-02-05;2026-02-20;2324.56;PAGA
000702;10064;2026-03-05;2026-03-20;2288.40;PAGA
000703;10063;2026-04-05;2026-04-20;2396.30;PAGA
000704;10064;2026-05-05;2026-05-20;2387.61;PAGA
000705;10063;2026-06-05;2026-06-20;2279.02;PAGA
000706;10064;2026-07-05;2026-07-20;2307.04;PAGA
000707;10063;2026-08-05;2026-08-20;2318.82;PAGA
000708;10064;2026-09-05;2026-09-20;2318.24;EM ABERTO
000709;10065;2025-10-05;2025-10-20;6959.69;PAGA
000710;10065;2025-11-05;2025-11-20;7324.72;PAGA
000711;10065;2025-12-05;2025-12-20;7370.05;PAGA
000712;10065;2026-01-05;2026-01-20;7298.52;PAGA
000713;10065;2026-02-05;2026-02-20;7081.10;PAGA
000714;10065;2026-03-05;2026-03-20;7047.50;PAGA
000715;10065;2026-04-05;2026-04-20;6968.12;PAGA
000716;10065;2026-05-05;2026-05-20;7290.83;PAGA
000717;10065;2026-06-05;2026-06-20;7043.69;PAGA
000718;10065;2026-07-05;2026-07-20;7175.13;PAGA
000719;10065;2026-08-05;2026-08-20;6981.62;PAGA
000720;10065;2026-09-05;2026-09-20;7212.76;ATRASADA
000721;10066;2025-10-05;2025-10-20;1538.80;PAGA
000722;10066;2025-11-05;2025-11-20;1575.77;PAGA
000723;10066;2025-12-05;2025-12-20;1566.65;PAGA
000724;10066;2026-01-05;2026-01-20;1538.58;PAGA
000725;10066;2026-02-05;2026-02-20;1507.17;PAGA
000726;10066;2026-03-05;2026-03-20;1560.01;PAGA
000727;10066;2026-04-05;2026-04-20;1587.86;PAGA
000728;10066;2026-05-05;2026-05-20;1594.43;PAGA
000729;10066;2026-06-05;2026-06-20;1516.03;PAGA
000730;10066;2026-07-05;2026-07-20;1556.17;PAGA
000731;10066;2026-08-05;2026-08-20;1583.62;PAGA
000732;10066;2026-09-05;2026-09-20;1562.53;EM ABERTO
000733;10067;2025-10-05;2025-10-20;2521.16;PAGA
000734;10067;2025-11-05;2025-11-20;2535.35;PAGA
000735;10067;2025-12-05;2025-12-20;2587.16;PAGA
000736;10067;2026-01-05;2026-01-20;2474.39;PAGA
000737;10067;2026-02-05;2026-02-20;2512.30;PAGA
000738;10067;2026-03-05;2026-03-20;2569.75;PAGA
000739;10067;2026-04-05;2026-04-20;2545.11;PAGA
000740;10067;2026-05-05;2026-05-20;2594.85;PAGA
000741;10067;2026-06-05;2026-06-20;2566.01;PAGA
000742;10067;2026-07-05;2026-07-20;2506.18;PAGA
000743;10067;2026-08-05;2026-08-20;2533.44;PAGA
000744;10067;2026-09-05;2026-09-20;2487.15;EM ABERTO
000745;10068;2025-10-05;2025-10-20;3718.52;PAGA
000746;10069;2025-11-05;2025-11-20;3804.15;PAGA
000747;10068;2025-12-05;2025-12-20;3792.22;PAGA
000748;10069;2026-01-05;2026-01-20;3620.60;PAGA
000749;10068;2026-02-05;2026-02-20;3666.07;PAGA
000750;10069;2026-03-05;2026-03-20;3721.16;PAGA
000751;10068;2026-04-05;2026-04-20;3804.16;PAGA
000752;10069;2026-05-05;2026-05-20;3647.64;PAGA
000753;10068;2026-06-05;2026-06-20;3746.29;PAGA
000754;10069;2026-07-05;2026-07-20;3658.45;PAGA
000755;10068;2026-08-05;2026-08-20;3769.83;ATRASADA
000756;10069;2026-09-05;2026-09-20;3661.24;ATRASADA
000757;10070;2025-10-05;2025-10-20;8256.43;PAGA
000758;10070;2025-11-05;2025-11-20;8256.75;PAGA
000759;10070;2025-12-05;2025-12-20;8470.99;PAGA
000760;10070;2026-01-05;2026-01-20;8140.72;PAGA
000761;10070;2026-02-05;2026-02-20;8323.30;PAGA
000762;10070;2026-03-05;2026-03-20;8352.44;PAGA
000763;10070;2026-04-05;2026-04-20;8225.98;PAGA
000764;10070;2026-05-05;2026-05-20;8586.32;PAGA
000765;10070;2026-06-05;2026-06-20;8393.68;PAGA
000766;10070;2026-07-05;2026-07-20;8212.83;PAGA
000767;10070;2026-08-05;2026-08-20;8427.29;PAGA
000768;10070;2026-09-05;2026-09-20;8136.50;EM ABERTO
000769;10071;2025-10-05;2025-10-20;5366.65;PAGA
000770;10071;2025-11-05;2025-11-20;5458.92;PAGA
000771;10071;2025-12-05;2025-12-20;5511.35;PAGA
000772;10071;2026-01-05;2026-01-20;5513.72;PAGA
000773;10071;2026-02-05;2026-02-20;5424.00;PAGA
000774;10071;2026-03-05;2026-03-20;5603.55;PAGA
000775;10071;2026-04-05;2026-04-20;5596.57;PAGA
000776;10071;2026-05-05;2026-05-20;5353.91;PAGA
000777;10071;2026-06-05;2026-06-20;5507.91;PAGA
000778;10071;2026-07-05;2026-07-20;5383.46;PAGA
000779;10071;2026-08-05;2026-08-20;5578.16;PAGA
000780;10071;2026-09-05;2026-09-20;5458.51;EM ABERTO
000781;10072;2025-10-05;2025-10-20;5441.84;PAGA
000782;10072;2025-11-05;2025-11-20;5523.38;PAGA
000783;10072;2025-12-05;2025-12-20;5445.84;PAGA
000784;10072;2026-01-05;2026-01-20;5707.91;PAGA
000785;10072;2026-02-05;2026-02-20;5589.86;PAGA
000786;10072;2026-03-05;2026-03-20;5473.81;PAGA
000787;10072;2026-04-05;2026-04-20;5548.73;PAGA
000788;10072;2026-05-05;2026-05-20;5601.84;PAGA
000789;10072;2026-06-05;2026-06-20;5565.40;PAGA
000790;10072;2026-07-05;2026-07-20;5681.71;PAGA
000791;10072;2026-08-05;2026-08-20;5678.43;PAGA
000792;10072;2026-09-05;2026-09-20;5648.81;EM ABERTO
000793;10073;2025-10-05;2025-10-20;7420.66;PAGA
000794;10073;2025-11-05;2025-11-20;7305.35;PAGA
000795;10073;2025-12-05;2025-12-20;7331.26;PAGA
000796;10073;2026-01-05;2026-01-20;7102.82;PAGA
000797;10073;2026-02-05;2026-02-20;7227.72;PAGA
000798;10073;2026-03-05;2026-03-20;7366.10;PAGA
000799;10073;2026-04-05;2026-04-20;7067.29;PAGA
000800;10073;2026-05-05;2026-05-20;7294.12;PAGA
000801;10073;2026-06-05;2026-06-20;7219.57;PAGA
000802;10073;2026-07-05;2026-07-20;7332.74;ATRASADA
000803;10073;2026-08-05;2026-08-20;7324.75;ATRASADA
000804;10073;2026-09-05;2026-09-20;7312.84;ATRASADA
000805;10074;2025-10-05;2025-10-20;4899.84;PAGA
000806;10074;2025-11-05;2025-11-20;4813.08;PAGA
000807;10074;2025-12-05;2025-12-20;4927.77;PAGA
000808;10074;2026-01-05;2026-01-20;4896.33;PAGA
000809;10074;2026-02-05;2026-02-20;4693.10;PAGA
000810;10074;2026-03-05;2026-03-20;4927.49;PAGA
000811;10074;2026-04-05;2026-04-20;4775.19;PAGA
000812;10074;2026-05-05;2026-05-20;4803.82;PAGA
000813;10074;2026-06-05;2026-06-20;4794.98;PAGA
000814;10074;2026-07-05;2026-07-20;4926.17;PAGA
000815;10074;2026-08-05;2026-08-20;4824.14;PAGA
000816;10074;2026-09-05;2026-09-20;4691.20;ATRASADA
000817;10075;2025-10-05;2025-10-20;1387.41;PAGA
000818;10075;2025-11-05;2025-11-20;1419.18;PAGA
000819;10075;2025-12-05;2025-12-20;1366.76;PAGA
000820;10075;2026-01-05;2026-01-20;1353.92;PAGA
000821;10075;2026-02-05;2026-02-20;1391.00;PAGA
000822;10075;2026-03-05;2026-03-20;1417.79;PAGA
000823;10075;2026-04-05;2026-04-20;1387.77;PAGA
000824;10075;2026-05-05;2026-05-20;1401.59;PAGA
000825;10075;2026-06-05;2026-06-20;1376.71;PAGA
000826;10075;2026-07-05;2026-07-20;1382.92;ATRASADA
000827;10075;2026-08-05;2026-08-20;1372.13;ATRASADA
000828;10075;2026-09-05;2026-09-20;1381.73;ATRASADA
000829;10076;2025-10-05;2025-10-20;7502.92;PAGA
000830;10076;2025-11-05;2025-11-20;7435.71;PAGA
000831;10076;2025-12-05;2025-12-20;7436.31;PAGA
000832;10076;2026-01-05;2026-01-20;7752.53;PAGA
000833;10076;2026-02-05;2026-02-20;7611.81;PAGA
000834;10076;2026-03-05;2026-03-20;7310.39;PAGA
000835;10076;2026-04-05;2026-04-20;7578.36;PAGA
000836;10076;2026-05-05;2026-05-20;7408.40;PAGA
000837;10076;2026-06-05;2026-06-20;7621.34;PAGA
000838;10076;2026-07-05;2026-07-20;7562.48;PAGA
000839;10076;2026-08-05;2026-08-20;7570.67;PAGA
000840;10076;2026-09-05;2026-09-20;7732.26;EM ABERTO
000841;10077;2025-10-05;2025-10-20;6808.25;PAGA
000842;10077;2025-11-05;2025-11-20;6861.16;PAGA
000843;10077;2025-12-05;2025-12-20;6691.60;PAGA
000844;10077;2026-01-05;2026-01-20;6875.75;PAGA
000845;10077;2026-02-05;2026-02-20;6894.03;PAGA
000846;10077;2026-03-05;2026-03-20;6604.74;PAGA
000847;10077;2026-04-05;2026-04-20;6812.19;PAGA
000848;10077;2026-05-05;2026-05-20;6624.94;PAGA
000849;10077;2026-06-05;2026-06-20;6582.63;PAGA
000850;10077;2026-07-05;2026-07-20;6645.62;ATRASADA
000851;10077;2026-08-05;2026-08-20;6857.31;ATRASADA
000852;10077;2026-09-05;2026-09-20;6601.07;ATRASADA
000853;10078;2025-10-05;2025-10-20;2244.53;PAGA
000854;10079;2025-11-05;2025-11-20;2216.25;PAGA
000855;10078;2025-12-05;2025-12-20;2236.42;PAGA
000856;10079;2026-01-05;2026-01-20;2259.80;PAGA
000857;10078;2026-02-05;2026-02-20;2276.85;PAGA
000858;10079;2026-03-05;2026-03-20;2235.07;PAGA
000859;10078;2026-04-05;2026-04-20;2320.98;PAGA
000860;10079;2026-05-05;2026-05-20;2201.94;PAGA
000861;10078;2026-06-05;2026-06-20;2231.72;PAGA
000862;10079;2026-07-05;2026-07-20;2302.08;PAGA
000863;10078;2026-08-05;2026-08-20;2320.32;PAGA
000864;10079;2026-09-05;2026-09-20;2307.62;EM ABERTO
000865;10080;2025-10-05;2025-10-20;1873.04;PAGA
000866;10081;2025-11-05;2025-11-20;1920.96;PAGA
000867;10080;2025-12-05;2025-12-20;1913.81;PAGA
000868;10081;2026-01-05;2026-01-20;1913.72;PAGA
000869;10080;2026-02-05;2026-02-20;1868.01;PAGA
000870;10081;2026-03-05;2026-03-20;1858.83;PAGA
000871;10080;2026-04-05;2026-04-20;1903.43;PAGA
000872;10081;2026-05-05;2026-05-20;1889.13;PAGA
000873;10080;2026-06-05;2026-06-20;1900.55;PAGA
000874;10081;2026-07-05;2026-07-20;1934.43;PAGA
000875;10080;2026-08-05;2026-08-20;1941.21;PAGA
000876;10081;2026-09-05;2026-09-20;1902.26;EM ABERTO
000877;10082;2025-10-05;2025-10-20;8447.87;PAGA
000878;10082;2025-11-05;2025-11-20;8523.56;PAGA
000879;10082;2025-12-05;2025-12-20;8412.57;PAGA
000880;10082;2026-01-05;2026-01-20;8404.44;PAGA
000881;10082;2026-02-05;2026-02-20;8161.15;PAGA
000882;10082;2026-03-05;2026-03-20;8421.87;PAGA
000883;10082;2026-04-05;2026-04-20;8318.00;PAGA
000884;10082;2026-05-05;2026-05-20;8282.39;PAGA
000885;10082;2026-06-05;2026-06-20;8274.08;PAGA
000886;10082;2026-07-05;2026-07-20;8484.19;PAGA
000887;10082;2026-08-05;2026-08-20;8405.00;PAGA
000888;10082;2026-09-05;2026-09-20;8209.21;EM ABERTO
000889;10083;2025-10-05;2025-10-20;7981.71;PAGA
000890;10083;2025-11-05;2025-11-20;8180.69;PAGA
000891;10083;2025-12-05;2025-12-20;7827.53;PAGA
000892;10083;2026-01-05;2026-01-20;8039.05;PAGA
000893;10083;2026-02-05;2026-02-20;7823.35;PAGA
000894;10083;2026-03-05;2026-03-20;8139.63;PAGA
000895;10083;2026-04-05;2026-04-20;7973.16;PAGA
000896;10083;2026-05-05;2026-05-20;7935.00;PAGA
000897;10083;2026-06-05;2026-06-20;7832.57;PAGA
000898;10083;2026-07-05;2026-07-20;8147.72;ATRASADA
000899;10083;2026-08-05;2026-08-20;8151.60;ATRASADA
000900;10083;2026-09-05;2026-09-20;8171.33;ATRASADA
000901;10084;2025-10-05;2025-10-20;9051.76;PAGA
000902;10084;2025-11-05;2025-11-20;9237.32;PAGA
000903;10084;2025-12-05;2025-12-20;9009.95;PAGA
000904;10084;2026-01-05;2026-01-20;9364.51;PAGA
000905;10084;2026-02-05;2026-02-20;9332.51;PAGA
000906;10084;2026-03-05;2026-03-20;9052.36;PAGA
000907;10084;2026-04-05;2026-04-20;9169.25;PAGA
000908;10084;2026-05-05;2026-05-20;8841.18;PAGA
000909;10084;2026-06-05;2026-06-20;8927.21;PAGA
000910;10084;2026-07-05;2026-07-20;9294.22;PAGA
000911;10084;2026-08-05;2026-08-20;9103.33;PAGA
000912;10084;2026-09-05;2026-09-20;9054.88;ATRASADA
000913;10085;2025-10-05;2025-10-20;5325.63;PAGA
000914;10085;2025-11-05;2025-11-20;5331.86;PAGA
000915;10085;2025-12-05;2025-12-20;5212.57;PAGA
000916;10085;2026-01-05;2026-01-20;5204.93;PAGA
000917;10085;2026-02-05;2026-02-20;5074.81;PAGA
000918;10085;2026-03-05;2026-03-20;5301.71;PAGA
000919;10085;2026-04-05;2026-04-20;5077.43;PAGA
000920;10085;2026-05-05;2026-05-20;5252.61;PAGA
000921;10085;2026-06-05;2026-06-20;5053.42;PAGA
000922;10085;2026-07-05;2026-07-20;5094.89;PAGA
000923;10085;2026-08-05;2026-08-20;5338.33;PAGA
000924;10085;2026-09-05;2026-09-20;5273.09;EM ABERTO
000925;10086;2025-10-05;2025-10-20;6732.19;PAGA
000926;10086;2025-11-05;2025-11-20;6709.69;PAGA
000927;10086;2025-12-05;2025-12-20;6732.71;PAGA
000928;10086;2026-01-05;2026-01-20;6909.73;PAGA
000929;10086;2026-02-05;2026-02-20;6764.56;PAGA
000930;10086;2026-03-05;2026-03-20;6843.87;PAGA
000931;10086;2026-04-05;2026-04-20;6790.67;PAGA
000932;10086;2026-05-05;2026-05-20;6748.00;PAGA
000933;10086;2026-06-05;2026-06-20;6961.86;PAGA
000934;10086;2026-07-05;2026-07-20;7006.39;PAGA
000935;10086;2026-08-05;2026-08-20;6662.58;ATRASADA
000936;10086;2026-09-05;2026-09-20;6976.55;ATRASADA
000937;10087;2025-10-05;2025-10-20;1974.61;PAGA
000938;10087;2025-11-05;2025-11-20;1963.58;PAGA
000939;10087;2025-12-05;2025-12-20;1923.57;PAGA
000940;10087;2026-01-05;2026-01-20;1941.46;PAGA
000941;10087;2026-02-05;2026-02-20;2014.12;PAGA
000942;10087;2026-03-05;2026-03-20;1958.60;PAGA
000943;10087;2026-04-05;2026-04-20;2035.95;PAGA
000944;10087;2026-05-05;2026-05-20;1922.37;PAGA
000945;10087;2026-06-05;2026-06-20;1976.10;PAGA
000946;10087;2026-07-05;2026-07-20;2015.61;PAGA
000947;10087;2026-08-05;2026-08-20;2019.55;PAGA
000948;10087;2026-09-05;2026-09-20;1994.30;ATRASADA
000949;10088;2025-10-05;2025-10-20;1570.41;PAGA
000950;10088;2025-11-05;2025-11-20;1645.08;PAGA
000951;10088;2025-12-05;2025-12-20;1570.43;PAGA
000952;10088;2026-01-05;2026-01-20;1585.74;PAGA
000953;10088;2026-02-05;2026-02-20;1610.32;PAGA
000954;10088;2026-03-05;2026-03-20;1632.27;PAGA
000955;10088;2026-04-05;2026-04-20;1574.56;PAGA
000956;10088;2026-05-05;2026-05-20;1650.51;PAGA
000957;10088;2026-06-05;2026-06-20;1568.30;PAGA
000958;10088;2026-07-05;2026-07-20;1650.57;PAGA
000959;10088;2026-08-05;2026-08-20;1604.99;PAGA
000960;10088;2026-09-05;2026-09-20;1561.84;EM ABERTO
000961;10089;2025-10-05;2025-10-20;4008.58;PAGA
000962;10089;2025-11-05;2025-11-20;3930.95;PAGA
000963;10089;2025-12-05;2025-12-20;3887.15;PAGA
000964;10089;2026-01-05;2026-01-20;4034.85;PAGA
000965;10089;2026-02-05;2026-02-20;3949.47;PAGA
000966;10089;2026-03-05;2026-03-20;4061.72;PAGA
000967;10089;2026-04-05;2026-04-20;4018.67;PAGA
000968;10089;2026-05-05;2026-05-20;3870.17;PAGA
000969;10089;2026-06-05;2026-06-20;4039.66;PAGA
000970;10089;2026-07-05;2026-07-20;3961.79;PAGA
000971;10089;2026-08-05;2026-08-20;4057.36;PAGA
000972;10089;2026-09-05;2026-09-20;4104.13;EM ABERTO
000973;10090;2025-10-05;2025-10-20;6114.10;PAGA
000974;10090;2025-11-05;2025-11-20;6234.96;PAGA
000975;10090;2025-12-05;2025-12-20;6092.06;PAGA
000976;10090;2026-01-05;2026-01-20;5910.89;PAGA
000977;10090;2026-02-05;2026-02-20;6041.19;PAGA
000978;10090;2026-03-05;2026-03-20;6113.18;PAGA
000979;10090;2026-04-05;2026-04-20;5953.94;PAGA
000980;10090;2026-05-05;2026-05-20;6092.29;PAGA
000981;10090;2026-06-05;2026-06-20;5985.24;PAGA
000982;10090;2026-07-05;2026-07-20;5938.27;PAGA
000983;10090;2026-08-05;2026-08-20;6238.23;PAGA
000984;10090;2026-09-05;2026-09-20;6133.28;EM ABERTO
000985;10091;2025-10-05;2025-10-20;5851.83;PAGA
000986;10091;2025-11-05;2025-11-20;5945.86;PAGA
000987;10091;2025-12-05;2025-12-20;5696.45;PAGA
000988;10091;2026-01-05;2026-01-20;5699.79;PAGA
000989;10091;2026-02-05;2026-02-20;5917.29;PAGA
000990;10091;2026-03-05;2026-03-20;5693.19;PAGA
000991;10091;2026-04-05;2026-04-20;5684.54;PAGA
000992;10091;2026-05-05;2026-05-20;5870.97;PAGA
000993;10091;2026-06-05;2026-06-20;5969.66;PAGA
000994;10091;2026-07-05;2026-07-20;5792.25;PAGA
000995;10091;2026-08-05;2026-08-20;5914.36;PAGA
000996;10091;2026-09-05;2026-09-20;5683.99;EM ABERTO
000997;10092;2025-10-05;2025-10-20;2730.74;PAGA
000998;10092;2025-11-05;2025-11-20;2808.20;PAGA
000999;10092;2025-12-05;2025-12-20;2780.71;PAGA
001000;10092;2026-01-05;2026-01-20;2721.70;PAGA
001001;10092;2026-02-05;2026-02-20;2832.29;PAGA
001002;10092;2026-03-05;2026-03-20;2772.66;PAGA
001003;10092;2026-04-05;2026-04-20;2775.30;PAGA
001004;10092;2026-05-05;2026-05-20;2692.76;PAGA
001005;10092;2026-06-05;2026-06-20;2820.22;PAGA
001006;10092;2026-07-05;2026-07-20;2810.31;PAGA
001007;10092;2026-08-05;2026-08-20;2774.37;PAGA
001008;10092;2026-09-05;2026-09-20;2823.98;EM ABERTO
001009;10093;2025-10-05;2025-10-20;8752.06;PAGA
001010;10093;2025-11-05;2025-11-20;8409.83;PAGA
001011;10093;2025-12-05;2025-12-20;8701.40;PAGA
001012;10093;2026-01-05;2026-01-20;8329.05;PAGA
001013;10093;2026-02-05;2026-02-20;8407.04;PAGA
001014;10093;2026-03-05;2026-03-20;8611.34;PAGA
001015;10093;2026-04-05;2026-04-20;8598.82;PAGA
001016;10093;2026-05-05;2026-05-20;8431.65;PAGA
001017;10093;2026-06-05;2026-06-20;8333.75;PAGA
001018;10093;2026-07-05;2026-07-20;8671.83;PAGA
001019;10093;2026-08-05;2026-08-20;8416.16;PAGA
001020;10093;2026-09-05;2026-09-20;8671.57;EM ABERTO
001021;10094;2025-10-05;2025-10-20;2406.05;PAGA
001022;10094;2025-11-05;2025-11-20;2300.31;PAGA
001023;10094;2025-12-05;2025-12-20;2383.03;PAGA
001024;10094;2026-01-05;2026-01-20;2330.07;PAGA
001025;10094;2026-02-05;2026-02-20;2344.89;PAGA
001026;10094;2026-03-05;2026-03-20;2388.01;PAGA
001027;10094;2026-04-05;2026-04-20;2371.91;PAGA
001028;10094;2026-05-05;2026-05-20;2385.20;PAGA
001029;10094;2026-06-05;2026-06-20;2346.44;PAGA
001030;10094;2026-07-05;2026-07-20;2358.16;PAGA
001031;10094;2026-08-05;2026-08-20;2347.75;PAGA
001032;10094;2026-09-05;2026-09-20;2317.97;EM ABERTO
001033;10095;2025-10-05;2025-10-20;4824.33;PAGA
001034;10095;2025-11-05;2025-11-20;4628.11;PAGA
001035;10095;2025-12-05;2025-12-20;4768.09;PAGA
001036;10095;2026-01-05;2026-01-20;4657.29;PAGA
001037;10095;2026-02-05;2026-02-20;4607.51;PAGA
001038;10095;2026-03-05;2026-03-20;4651.36;PAGA
001039;10095;2026-04-05;2026-04-20;4819.16;PAGA
001040;10095;2026-05-05;2026-05-20;4618.18;PAGA
001041;10095;2026-06-05;2026-06-20;4856.57;PAGA
001042;10095;2026-07-05;2026-07-20;4619.07;PAGA
001043;10095;2026-08-05;2026-08-20;4866.77;PAGA
001044;10095;2026-09-05;2026-09-20;4599.32;EM ABERTO
001045;10096;2025-10-05;2025-10-20;7060.19;PAGA
001046;10096;2025-11-05;2025-11-20;6927.42;PAGA
001047;10096;2025-12-05;2025-12-20;7143.53;PAGA
001048;10096;2026-01-05;2026-01-20;7022.20;PAGA
001049;10096;2026-02-05;2026-02-20;7015.98;PAGA
001050;10096;2026-03-05;2026-03-20;7047.37;PAGA
001051;10096;2026-04-05;2026-04-20;7061.43;PAGA
001052;10096;2026-05-05;2026-05-20;6927.03;PAGA
001053;10096;2026-06-05;2026-06-20;6930.35;PAGA
001054;10096;2026-07-05;2026-07-20;7097.03;PAGA
001055;10096;2026-08-05;2026-08-20;7136.24;PAGA
001056;10096;2026-09-05;2026-09-20;6909.06;EM ABERTO
001057;10097;2025-10-05;2025-10-20;1928.89;PAGA
001058;10097;2025-11-05;2025-11-20;1942.04;PAGA
001059;10097;2025-12-05;2025-12-20;1911.95;PAGA
001060;10097;2026-01-05;2026-01-20;1969.61;PAGA
001061;10097;2026-02-05;2026-02-20;1941.04;PAGA
001062;10097;2026-03-05;2026-03-20;1968.18;PAGA
001063;10097;2026-04-05;2026-04-20;1933.54;PAGA
001064;10097;2026-05-05;2026-05-20;1986.26;PAGA
001065;10097;2026-06-05;2026-06-20;1973.01;PAGA
001066;10097;2026-07-05;2026-07-20;2009.51;ATRASADA
001067;10097;2026-08-05;2026-08-20;1942.89;ATRASADA
001068;10097;2026-09-05;2026-09-20;1901.37;ATRASADA
001069;10098;2025-10-05;2025-10-20;7596.30;PAGA
001070;10098;2025-11-05;2025-11-20;7423.69;PAGA
001071;10098;2025-12-05;2025-12-20;7422.57;PAGA
001072;10098;2026-01-05;2026-01-20;7565.54;PAGA
001073;10098;2026-02-05;2026-02-20;7551.79;PAGA
001074;10098;2026-03-05;2026-03-20;7757.85;PAGA
001075;10098;2026-04-05;2026-04-20;7390.81;PAGA
001076;10098;2026-05-05;2026-05-20;7693.54;PAGA
001077;10098;2026-06-05;2026-06-20;7748.17;PAGA
001078;10098;2026-07-05;2026-07-20;7815.23;PAGA
001079;10098;2026-08-05;2026-08-20;7682.33;PAGA
001080;10098;2026-09-05;2026-09-20;7757.56;EM ABERTO
001081;10099;2025-10-05;2025-10-20;917.16;PAGA
001082;10099;2025-11-05;2025-11-20;906.37;PAGA
001083;10099;2025-12-05;2025-12-20;875.45;PAGA
001084;10099;2026-01-05;2026-01-20;916.66;PAGA
001085;10099;2026-02-05;2026-02-20;884.28;PAGA
001086;10099;2026-03-05;2026-03-20;922.20;PAGA
001087;10099;2026-04-05;2026-04-20;884.10;PAGA
001088;10099;2026-05-05;2026-05-20;909.37;PAGA
001089;10099;2026-06-05;2026-06-20;905.83;PAGA
001090;10099;2026-07-05;2026-07-20;901.03;PAGA
001091;10099;2026-08-05;2026-08-20;897.52;PAGA
001092;10099;2026-09-05;2026-09-20;897.13;EM ABERTO
001093;10100;2025-10-05;2025-10-20;5538.47;PAGA
001094;10100;2025-11-05;2025-11-20;5521.93;PAGA
001095;10100;2025-12-05;2025-12-20;5842.16;PAGA
001096;10100;2026-01-05;2026-01-20;5528.08;PAGA
001097;10100;2026-02-05;2026-02-20;5841.89;PAGA
001098;10100;2026-03-05;2026-03-20;5639.13;PAGA
001099;10100;2026-04-05;2026-04-20;5550.79;PAGA
001100;10100;2026-05-05;2026-05-20;5644.49;PAGA
001101;10100;2026-06-05;2026-06-20;5561.12;PAGA
001102;10100;2026-07-05;2026-07-20;5711.50;PAGA
001103;10100;2026-08-05;2026-08-20;5794.55;ATRASADA
001104;10100;2026-09-05;2026-09-20;5661.90;ATRASADA
001105;10101;2025-10-05;2025-10-20;7518.85;PAGA
001106;10101;2025-11-05;2025-11-20;7756.20;PAGA
001107;10101;2025-12-05;2025-12-20;7515.38;PAGA
001108;10101;2026-01-05;2026-01-20;7739.12;PAGA
001109;10101;2026-02-05;2026-02-20;7587.48;PAGA
001110;10101;2026-03-05;2026-03-20;7754.80;PAGA
001111;10101;2026-04-05;2026-04-20;7643.49;PAGA
001112;10101;2026-05-05;2026-05-20;7520.45;PAGA
001113;10101;2026-06-05;2026-06-20;7485.97;PAGA
001114;10101;2026-07-05;2026-07-20;7705.91;PAGA
001115;10101;2026-08-05;2026-08-20;7586.22;PAGA
001116;10101;2026-09-05;2026-09-20;7785.90;EM ABERTO
001117;10102;2025-10-05;2025-10-20;5694.17;PAGA
001118;10102;2025-11-05;2025-11-20;5866.62;PAGA
001119;10102;2025-12-05;2025-12-20;5936.46;PAGA
001120;10102;2026-01-05;2026-01-20;5878.41;PAGA
001121;10102;2026-02-05;2026-02-20;5898.24;PAGA
001122;10102;2026-03-05;2026-03-20;5821.55;PAGA
001123;10102;2026-04-05;2026-04-20;5983.14;PAGA
001124;10102;2026-05-05;2026-05-20;5889.79;PAGA
001125;10102;2026-06-05;2026-06-20;5816.47;PAGA
001126;10102;2026-07-05;2026-07-20;5843.06;PAGA
001127;10102;2026-08-05;2026-08-20;5677.01;PAGA
001128;10102;2026-09-05;2026-09-20;5936.42;EM ABERTO
001129;10103;2025-10-05;2025-10-20;5365.42;PAGA
001130;10103;2025-11-05;2025-11-20;5388.99;PAGA
001131;10103;2025-12-05;2025-12-20;5654.92;PAGA
001132;10103;2026-01-05;2026-01-20;5650.26;PAGA
001133;10103;2026-02-05;2026-02-20;5494.29;PAGA
001134;10103;2026-03-05;2026-03-20;5526.38;PAGA
001135;10103;2026-04-05;2026-04-20;5448.14;PAGA
001136;10103;2026-05-05;2026-05-20;5388.93;PAGA
001137;10103;2026-06-05;2026-06-20;5491.40;PAGA
001138;10103;2026-07-05;2026-07-20;5616.59;PAGA
001139;10103;2026-08-05;2026-08-20;5517.76;PAGA
001140;10103;2026-09-05;2026-09-20;5641.38;EM ABERTO
001141;10104;2025-10-05;2025-10-20;1731.82;PAGA
001142;10104;2025-11-05;2025-11-20;1768.55;PAGA
001143;10104;2025-12-05;2025-12-20;1735.46;PAGA
001144;10104;2026-01-05;2026-01-20;1754.76;PAGA
001145;10104;2026-02-05;2026-02-20;1819.57;PAGA
001146;10104;2026-03-05;2026-03-20;1739.15;PAGA
001147;10104;2026-04-05;2026-04-20;1762.62;PAGA
001148;10104;2026-05-05;2026-05-20;1751.44;PAGA
001149;10104;2026-06-05;2026-06-20;1771.03;PAGA
001150;10104;2026-07-05;2026-07-20;1758.15;PAGA
001151;10104;2026-08-05;2026-08-20;1740.24;PAGA
001152;10104;2026-09-05;2026-09-20;1770.92;ATRASADA
001153;10105;2025-10-05;2025-10-20;6395.58;PAGA
001154;10105;2025-11-05;2025-11-20;6403.57;PAGA
001155;10105;2025-12-05;2025-12-20;6540.18;PAGA
001156;10105;2026-01-05;2026-01-20;6629.51;PAGA
001157;10105;2026-02-05;2026-02-20;6655.29;PAGA
001158;10105;2026-03-05;2026-03-20;6457.20;PAGA
001159;10105;2026-04-05;2026-04-20;6424.95;PAGA
001160;10105;2026-05-05;2026-05-20;6742.98;PAGA
001161;10105;2026-06-05;2026-06-20;6575.56;PAGA
001162;10105;2026-07-05;2026-07-20;6460.71;PAGA
001163;10105;2026-08-05;2026-08-20;6600.98;PAGA
001164;10105;2026-09-05;2026-09-20;6392.37;EM ABERTO
001165;10106;2025-10-05;2025-10-20;1785.64;PAGA
001166;10106;2025-11-05;2025-11-20;1700.60;PAGA
001167;10106;2025-12-05;2025-12-20;1712.59;PAGA
001168;10106;2026-01-05;2026-01-20;1790.42;PAGA
001169;10106;2026-02-05;2026-02-20;1790.25;PAGA
001170;10106;2026-03-05;2026-03-20;1790.26;PAGA
001171;10106;2026-04-05;2026-04-20;1712.05;PAGA
001172;10106;2026-05-05;2026-05-20;1791.96;PAGA
001173;10106;2026-06-05;2026-06-20;1758.49;PAGA
001174;10106;2026-07-05;2026-07-20;1740.09;PAGA
001175;10106;2026-08-05;2026-08-20;1770.03;PAGA
001176;10106;2026-09-05;2026-09-20;1754.78;EM ABERTO
001177;10107;2025-10-05;2025-10-20;4252.46;PAGA
001178;10107;2025-11-05;2025-11-20;4281.89;PAGA
001179;10107;2025-12-05;2025-12-20;4201.01;PAGA
001180;10107;2026-01-05;2026-01-20;4246.57;PAGA
001181;10107;2026-02-05;2026-02-20;4358.47;PAGA
001182;10107;2026-03-05;2026-03-20;4284.00;PAGA
001183;10107;2026-04-05;2026-04-20;4388.25;PAGA
001184;10107;2026-05-05;2026-05-20;4179.17;PAGA
001185;10107;2026-06-05;2026-06-20;4277.10;PAGA
001186;10107;2026-07-05;2026-07-20;4302.89;PAGA
001187;10107;2026-08-05;2026-08-20;4185.39;PAGA
001188;10107;2026-09-05;2026-09-20;4402.39;EM ABERTO
001189;10108;2025-10-05;2025-10-20;3456.21;PAGA
001190;10108;2025-11-05;2025-11-20;3382.19;PAGA
001191;10108;2025-12-05;2025-12-20;3372.12;PAGA
001192;10108;2026-01-05;2026-01-20;3316.44;PAGA
001193;10108;2026-02-05;2026-02-20;3413.27;PAGA
001194;10108;2026-03-05;2026-03-20;3476.35;PAGA
001195;10108;2026-04-05;2026-04-20;3295.61;PAGA
001196;10108;2026-05-05;2026-05-20;3311.24;PAGA
001197;10108;2026-06-05;2026-06-20;3355.70;PAGA
001198;10108;2026-07-05;2026-07-20;3357.95;PAGA
001199;10108;2026-08-05;2026-08-20;3391.35;PAGA
001200;10108;2026-09-05;2026-09-20;3455.72;EM ABERTO
001201;10109;2025-10-05;2025-10-20;4055.43;PAGA
001202;10109;2025-11-05;2025-11-20;4070.50;PAGA
001203;10109;2025-12-05;2025-12-20;4089.14;PAGA
001204;10109;2026-01-05;2026-01-20;4162.53;PAGA
001205;10109;2026-02-05;2026-02-20;4119.57;PAGA
001206;10109;2026-03-05;2026-03-20;4150.15;PAGA
001207;10109;2026-04-05;2026-04-20;4055.63;PAGA
001208;10109;2026-05-05;2026-05-20;4087.83;PAGA
001209;10109;2026-06-05;2026-06-20;4099.59;PAGA
001210;10109;2026-07-05;2026-07-20;4219.54;PAGA
001211;10109;2026-08-05;2026-08-20;4125.35;PAGA
001212;10109;2026-09-05;2026-09-20;4141.81;EM ABERTO
001213;10110;2025-10-05;2025-10-20;2777.14;PAGA
001214;10110;2025-11-05;2025-11-20;2779.42;PAGA
001215;10110;2025-12-05;2025-12-20;2738.69;PAGA
001216;10110;2026-01-05;2026-01-20;2772.38;PAGA
001217;10110;2026-02-05;2026-02-20;2777.71;PAGA
001218;10110;2026-03-05;2026-03-20;2721.19;PAGA
001219;10110;2026-04-05;2026-04-20;2653.07;PAGA
001220;10110;2026-05-05;2026-05-20;2650.97;PAGA
001221;10110;2026-06-05;2026-06-20;2723.68;PAGA
001222;10110;2026-07-05;2026-07-20;2767.58;PAGA
001223;10110;2026-08-05;2026-08-20;2741.74;PAGA
001224;10110;2026-09-05;2026-09-20;2712.95;EM ABERTO
001225;10111;2025-10-05;2025-10-20;7516.12;PAGA
001226;10111;2025-11-05;2025-11-20;7564.39;PAGA
001227;10111;2025-12-05;2025-12-20;7421.09;PAGA
001228;10111;2026-01-05;2026-01-20;7662.79;PAGA
001229;10111;2026-02-05;2026-02-20;7405.89;PAGA
001230;10111;2026-03-05;2026-03-20;7696.39;PAGA
001231;10111;2026-04-05;2026-04-20;7522.88;PAGA
001232;10111;2026-05-05;2026-05-20;7747.28;PAGA
001233;10111;2026-06-05;2026-06-20;7660.24;PAGA
001234;10111;2026-07-05;2026-07-20;7453.92;PAGA
001235;10111;2026-08-05;2026-08-20;7540.08;PAGA
001236;10111;2026-09-05;2026-09-20;7396.45;EM ABERTO
001237;10112;2025-10-05;2025-10-20;4154.27;PAGA
001238;10112;2025-11-05;2025-11-20;4118.39;PAGA
001239;10112;2025-12-05;2025-12-20;3969.01;PAGA
001240;10112;2026-01-05;2026-01-20;3975.29;PAGA
001241;10112;2026-02-05;2026-02-20;4187.95;PAGA
001242;10112;2026-03-05;2026-03-20;4045.67;PAGA
001243;10112;2026-04-05;2026-04-20;4137.85;PAGA
001244;10112;2026-05-05;2026-05-20;4113.95;PAGA
001245;10112;2026-06-05;2026-06-20;4163.65;PAGA
001246;10112;2026-07-05;2026-07-20;4193.76;PAGA
001247;10112;2026-08-05;2026-08-20;4044.07;ATRASADA
001248;10112;2026-09-05;2026-09-20;3979.31;ATRASADA
001249;10113;2025-10-05;2025-10-20;5047.18;PAGA
001250;10113;2025-11-05;2025-11-20;4966.14;PAGA
001251;10113;2025-12-05;2025-12-20;5124.30;PAGA
001252;10113;2026-01-05;2026-01-20;5018.31;PAGA
001253;10113;2026-02-05;2026-02-20;5252.40;PAGA
001254;10113;2026-03-05;2026-03-20;5242.58;PAGA
001255;10113;2026-04-05;2026-04-20;5156.72;PAGA
001256;10113;2026-05-05;2026-05-20;5079.43;PAGA
001257;10113;2026-06-05;2026-06-20;4970.41;PAGA
001258;10113;2026-07-05;2026-07-20;5102.06;PAGA
001259;10113;2026-08-05;2026-08-20;5248.01;PAGA
001260;10113;2026-09-05;2026-09-20;5216.28;EM ABERTO
001261;10114;2025-10-05;2025-10-20;6377.13;PAGA
001262;10114;2025-11-05;2025-11-20;6537.08;PAGA
001263;10114;2025-12-05;2025-12-20;6336.24;PAGA
001264;10114;2026-01-05;2026-01-20;6356.00;PAGA
001265;10114;2026-02-05;2026-02-20;6436.08;PAGA
001266;10114;2026-03-05;2026-03-20;6364.83;PAGA
001267;10114;2026-04-05;2026-04-20;6650.41;PAGA
001268;10114;2026-05-05;2026-05-20;6593.12;PAGA
001269;10114;2026-06-05;2026-06-20;6485.52;PAGA
001270;10114;2026-07-05;2026-07-20;6310.77;PAGA
001271;10114;2026-08-05;2026-08-20;6287.68;ATRASADA
001272;10114;2026-09-05;2026-09-20;6655.32;ATRASADA
001273;10115;2025-10-05;2025-10-20;6377.62;PAGA
001274;10115;2025-11-05;2025-11-20;6367.30;PAGA
001275;10115;2025-12-05;2025-12-20;6177.09;PAGA
001276;10115;2026-01-05;2026-01-20;6199.49;PAGA
001277;10115;2026-02-05;2026-02-20;6193.88;PAGA
001278;10115;2026-03-05;2026-03-20;6148.37;PAGA
001279;10115;2026-04-05;2026-04-20;6160.62;PAGA
001280;10115;2026-05-05;2026-05-20;6424.23;PAGA
001281;10115;2026-06-05;2026-06-20;6417.47;PAGA
001282;10115;2026-07-05;2026-07-20;6404.13;PAGA
001283;10115;2026-08-05;2026-08-20;6354.36;PAGA
001284;10115;2026-09-05;2026-09-20;6172.34;EM ABERTO
001285;10116;2025-10-05;2025-10-20;5687.38;PAGA
001286;10116;2025-11-05;2025-11-20;5751.90;PAGA
001287;10116;2025-12-05;2025-12-20;5891.06;PAGA
001288;10116;2026-01-05;2026-01-20;5685.76;PAGA
001289;10116;2026-02-05;2026-02-20;5721.44;PAGA
001290;10116;2026-03-05;2026-03-20;5632.58;PAGA
001291;10116;2026-04-05;2026-04-20;5788.10;PAGA
001292;10116;2026-05-05;2026-05-20;5864.82;PAGA
001293;10116;2026-06-05;2026-06-20;5774.42;PAGA
001294;10116;2026-07-05;2026-07-20;5931.42;PAGA
001295;10116;2026-08-05;2026-08-20;5728.10;PAGA
001296;10116;2026-09-05;2026-09-20;5730.35;EM ABERTO
001297;10117;2025-10-05;2025-10-20;4326.70;PAGA
001298;10117;2025-11-05;2025-11-20;4274.20;PAGA
001299;10117;2025-12-05;2025-12-20;4330.77;PAGA
001300;10117;2026-01-05;2026-01-20;4248.12;PAGA
001301;10117;2026-02-05;2026-02-20;4180.47;PAGA
001302;10117;2026-03-05;2026-03-20;4293.16;PAGA
001303;10117;2026-04-05;2026-04-20;4238.80;PAGA
001304;10117;2026-05-05;2026-05-20;4215.06;PAGA
001305;10117;2026-06-05;2026-06-20;4185.80;PAGA
001306;10117;2026-07-05;2026-07-20;4363.43;ATRASADA
001307;10117;2026-08-05;2026-08-20;4266.61;ATRASADA
001308;10117;2026-09-05;2026-09-20;4328.36;ATRASADA
001309;10118;2025-10-05;2025-10-20;3833.23;PAGA
001310;10118;2025-11-05;2025-11-20;3765.66;PAGA
001311;10118;2025-12-05;2025-12-20;3804.91;PAGA
001312;10118;2026-01-05;2026-01-20;3902.13;PAGA
001313;10118;2026-02-05;2026-02-20;3767.37;PAGA
001314;10118;2026-03-05;2026-03-20;3734.14;PAGA
001315;10118;2026-04-05;2026-04-20;3933.36;PAGA
001316;10118;2026-05-05;2026-05-20;3885.49;PAGA
001317;10118;2026-06-05;2026-06-20;3867.08;PAGA
001318;10118;2026-07-05;2026-07-20;3832.73;PAGA
001319;10118;2026-08-05;2026-08-20;3815.26;PAGA
001320;10118;2026-09-05;2026-09-20;3772.73;EM ABERTO
001321;10119;2025-10-05;2025-10-20;4015.73;PAGA
001322;10119;2025-11-05;2025-11-20;4137.09;PAGA
001323;10119;2025-12-05;2025-12-20;4064.08;PAGA
001324;10119;2026-01-05;2026-01-20;4081.86;PAGA
001325;10119;2026-02-05;2026-02-20;4015.31;PAGA
001326;10119;2026-03-05;2026-03-20;4006.74;PAGA
001327;10119;2026-04-05;2026-04-20;4056.33;PAGA
001328;10119;2026-05-05;2026-05-20;3973.29;PAGA
001329;10119;2026-06-05;2026-06-20;4042.00;PAGA
001330;10119;2026-07-05;2026-07-20;3908.81;ATRASADA
001331;10119;2026-08-05;2026-08-20;3987.76;ATRASADA
001332;10119;2026-09-05;2026-09-20;3932.54;ATRASADA
001333;10120;2025-10-05;2025-10-20;5225.72;PAGA
001334;10120;2025-11-05;2025-11-20;5095.92;PAGA
001335;10120;2025-12-05;2025-12-20;5025.49;PAGA
001336;10120;2026-01-05;2026-01-20;5099.97;PAGA
001337;10120;2026-02-05;2026-02-20;5141.70;PAGA
001338;10120;2026-03-05;2026-03-20;5235.48;PAGA
001339;10120;2026-04-05;2026-04-20;5309.92;PAGA
001340;10120;2026-05-05;2026-05-20;5236.10;PAGA
001341;10120;2026-06-05;2026-06-20;5124.87;PAGA
001342;10120;2026-07-05;2026-07-20;5298.89;PAGA
001343;10120;2026-08-05;2026-08-20;5292.96;PAGA
001344;10120;2026-09-05;2026-09-20;5286.17;EM ABERTO
001345;10121;2025-10-05;2025-10-20;5162.87;PAGA
001346;10122;2025-11-05;2025-11-20;5346.69;PAGA
001347;10121;2025-12-05;2025-12-20;5213.04;PAGA
001348;10122;2026-01-05;2026-01-20;5291.35;PAGA
001349;10121;2026-02-05;2026-02-20;5151.27;PAGA
001350;10122;2026-03-05;2026-03-20;5397.68;PAGA
001351;10121;2026-04-05;2026-04-20;5261.23;PAGA
001352;10122;2026-05-05;2026-05-20;5300.67;PAGA
001353;10121;2026-06-05;2026-06-20;5433.97;PAGA
001354;10122;2026-07-05;2026-07-20;5274.04;PAGA
001355;10121;2026-08-05;2026-08-20;5323.20;PAGA
001356;10122;2026-09-05;2026-09-20;5236.16;EM ABERTO
001357;10123;2025-10-05;2025-10-20;4364.88;PAGA
001358;10124;2025-11-05;2025-11-20;4416.31;PAGA
001359;10123;2025-12-05;2025-12-20;4345.02;PAGA
001360;10124;2026-01-05;2026-01-20;4281.81;PAGA
001361;10123;2026-02-05;2026-02-20;4475.62;PAGA
001362;10124;2026-03-05;2026-03-20;4284.34;PAGA
001363;10123;2026-04-05;2026-04-20;4414.94;PAGA
001364;10124;2026-05-05;2026-05-20;4488.74;PAGA
001365;10123;2026-06-05;2026-06-20;4284.95;PAGA
001366;10124;2026-07-05;2026-07-20;4499.88;PAGA
001367;10123;2026-08-05;2026-08-20;4451.15;PAGA
001368;10124;2026-09-05;2026-09-20;4288.13;EM ABERTO
001369;10125;2025-10-05;2025-10-20;5245.81;PAGA
001370;10125;2025-11-05;2025-11-20;5378.52;PAGA
001371;10125;2025-12-05;2025-12-20;5135.15;PAGA
001372;10125;2026-01-05;2026-01-20;5358.88;PAGA
001373;10125;2026-02-05;2026-02-20;5352.72;PAGA
001374;10125;2026-03-05;2026-03-20;5299.30;PAGA
001375;10125;2026-04-05;2026-04-20;5367.13;PAGA
001376;10125;2026-05-05;2026-05-20;5222.26;PAGA
001377;10125;2026-06-05;2026-06-20;5210.80;PAGA
001378;10125;2026-07-05;2026-07-20;5317.50;PAGA
001379;10125;2026-08-05;2026-08-20;5133.94;PAGA
001380;10125;2026-09-05;2026-09-20;5345.57;ATRASADA
001381;10126;2025-10-05;2025-10-20;1519.52;PAGA
001382;10126;2025-11-05;2025-11-20;1530.60;PAGA
001383;10126;2025-12-05;2025-12-20;1560.00;PAGA
001384;10126;2026-01-05;2026-01-20;1606.39;PAGA
001385;10126;2026-02-05;2026-02-20;1556.09;PAGA
001386;10126;2026-03-05;2026-03-20;1582.45;PAGA
001387;10126;2026-04-05;2026-04-20;1530.70;PAGA
001388;10126;2026-05-05;2026-05-20;1605.81;PAGA
001389;10126;2026-06-05;2026-06-20;1518.00;PAGA
001390;10126;2026-07-05;2026-07-20;1593.86;PAGA
001391;10126;2026-08-05;2026-08-20;1578.97;PAGA
001392;10126;2026-09-05;2026-09-20;1577.02;EM ABERTO
001393;10127;2025-10-05;2025-10-20;5117.51;PAGA
001394;10127;2025-11-05;2025-11-20;5152.58;PAGA
001395;10127;2025-12-05;2025-12-20;5298.97;PAGA
001396;10127;2026-01-05;2026-01-20;5329.16;PAGA
001397;10127;2026-02-05;2026-02-20;5064.48;PAGA
001398;10127;2026-03-05;2026-03-20;5160.30;PAGA
001399;10127;2026-04-05;2026-04-20;5085.44;PAGA
001400;10127;2026-05-05;2026-05-20;5209.80;PAGA
001401;10127;2026-06-05;2026-06-20;5328.34;PAGA
001402;10127;2026-07-05;2026-07-20;5260.36;PAGA
001403;10127;2026-08-05;2026-08-20;5238.06;PAGA
001404;10127;2026-09-05;2026-09-20;5091.48;EM ABERTO
001405;10128;2025-10-05;2025-10-20;1596.28;PAGA
001406;10128;2025-11-05;2025-11-20;1665.99;PAGA
001407;10128;2025-12-05;2025-12-20;1661.82;PAGA
001408;10128;2026-01-05;2026-01-20;1647.77;PAGA
001409;10128;2026-02-05;2026-02-20;1658.17;PAGA
001410;10128;2026-03-05;2026-03-20;1590.03;PAGA
001411;10128;2026-04-05;2026-04-20;1663.74;PAGA
001412;10128;2026-05-05;2026-05-20;1641.71;PAGA
001413;10128;2026-06-05;2026-06-20;1641.94;PAGA
001414;10128;2026-07-05;2026-07-20;1635.45;PAGA
001415;10128;2026-08-05;2026-08-20;1583.31;ATRASADA
001416;10128;2026-09-05;2026-09-20;1617.89;ATRASADA
001417;10129;2025-10-05;2025-10-20;4639.88;PAGA
001418;10129;2025-11-05;2025-11-20;4513.43;PAGA
001419;10129;2025-12-05;2025-12-20;4390.59;PAGA
001420;10129;2026-01-05;2026-01-20;4422.53;PAGA
001421;10129;2026-02-05;2026-02-20;4545.01;PAGA
001422;10129;2026-03-05;2026-03-20;4576.76;PAGA
001423;10129;2026-04-05;2026-04-20;4644.02;PAGA
001424;10129;2026-05-05;2026-05-20;4538.80;PAGA
001425;10129;2026-06-05;2026-06-20;4539.56;PAGA
001426;10129;2026-07-05;2026-07-20;4455.86;PAGA
001427;10129;2026-08-05;2026-08-20;4467.70;PAGA
001428;10129;2026-09-05;2026-09-20;4435.11;EM ABERTO
001429;10130;2025-10-05;2025-10-20;8082.68;PAGA
001430;10130;2025-11-05;2025-11-20;7803.94;PAGA
001431;10130;2025-12-05;2025-12-20;8082.22;PAGA
001432;10130;2026-01-05;2026-01-20;7901.26;PAGA
001433;10130;2026-02-05;2026-02-20;7787.56;PAGA
001434;10130;2026-03-05;2026-03-20;8059.09;PAGA
001435;10130;2026-04-05;2026-04-20;8063.53;PAGA
001436;10130;2026-05-05;2026-05-20;7961.95;PAGA
001437;10130;2026-06-05;2026-06-20;7990.39;PAGA
001438;10130;2026-07-05;2026-07-20;7928.19;ATRASADA
001439;10130;2026-08-05;2026-08-20;7656.04;ATRASADA
001440;10130;2026-09-05;2026-09-20;8013.45;ATRASADA
001441;10131;2025-10-05;2025-10-20;1021.45;PAGA
001442;10131;2025-11-05;2025-11-20;1042.00;PAGA
001443;10131;2025-12-05;2025-12-20;1019.36;PAGA
001444;10131;2026-01-05;2026-01-20;1051.24;PAGA
001445;10131;2026-02-05;2026-02-20;1032.72;PAGA
001446;10131;2026-03-05;2026-03-20;1055.57;PAGA
001447;10131;2026-04-05;2026-04-20;1048.73;PAGA
001448;10131;2026-05-05;2026-05-20;1003.99;PAGA
001449;10131;2026-06-05;2026-06-20;1057.88;PAGA
001450;10131;2026-07-05;2026-07-20;1047.71;PAGA
001451;10131;2026-08-05;2026-08-20;1049.72;ATRASADA
001452;10131;2026-09-05;2026-09-20;1055.26;ATRASADA
001453;10132;2025-10-05;2025-10-20;1272.42;PAGA
001454;10132;2025-11-05;2025-11-20;1302.36;PAGA
001455;10132;2025-12-05;2025-12-20;1247.59;PAGA
001456;10132;2026-01-05;2026-01-20;1277.76;PAGA
001457;10132;2026-02-05;2026-02-20;1308.72;PAGA
001458;10132;2026-03-05;2026-03-20;1317.39;PAGA
001459;10132;2026-04-05;2026-04-20;1268.53;PAGA
001460;10132;2026-05-05;2026-05-20;1270.95;PAGA
001461;10132;2026-06-05;2026-06-20;1276.34;PAGA
001462;10132;2026-07-05;2026-07-20;1301.04;PAGA
001463;10132;2026-08-05;2026-08-20;1253.21;PAGA
001464;10132;2026-09-05;2026-09-20;1318.19;EM ABERTO
001465;10133;2025-10-05;2025-10-20;1435.89;PAGA
001466;10133;2025-11-05;2025-11-20;1466.37;PAGA
001467;10133;2025-12-05;2025-12-20;1513.46;PAGA
001468;10133;2026-01-05;2026-01-20;1447.79;PAGA
001469;10133;2026-02-05;2026-02-20;1497.25;PAGA
001470;10133;2026-03-05;2026-03-20;1458.05;PAGA
001471;10133;2026-04-05;2026-04-20;1459.93;PAGA
001472;10133;2026-05-05;2026-05-20;1446.87;PAGA
001473;10133;2026-06-05;2026-06-20;1489.44;PAGA
001474;10133;2026-07-05;2026-07-20;1492.05;PAGA
001475;10133;2026-08-05;2026-08-20;1476.98;PAGA
001476;10133;2026-09-05;2026-09-20;1507.07;EM ABERTO
001477;10134;2025-10-05;2025-10-20;7829.60;PAGA
001478;10134;2025-11-05;2025-11-20;7812.71;PAGA
001479;10134;2025-12-05;2025-12-20;8121.67;PAGA
001480;10134;2026-01-05;2026-01-20;7866.30;PAGA
001481;10134;2026-02-05;2026-02-20;8041.83;PAGA
001482;10134;2026-03-05;2026-03-20;7998.55;PAGA
001483;10134;2026-04-05;2026-04-20;7866.03;PAGA
001484;10134;2026-05-05;2026-05-20;8075.76;PAGA
001485;10134;2026-06-05;2026-06-20;7981.31;PAGA
001486;10134;2026-07-05;2026-07-20;7901.04;PAGA
001487;10134;2026-08-05;2026-08-20;7719.76;PAGA
001488;10134;2026-09-05;2026-09-20;8137.48;EM ABERTO
001489;10135;2025-10-05;2025-10-20;3706.64;PAGA
001490;10135;2025-11-05;2025-11-20;3617.72;PAGA
001491;10135;2025-12-05;2025-12-20;3673.70;PAGA
001492;10135;2026-01-05;2026-01-20;3689.37;PAGA
001493;10135;2026-02-05;2026-02-20;3706.72;PAGA
001494;10135;2026-03-05;2026-03-20;3656.48;PAGA
001495;10135;2026-04-05;2026-04-20;3611.41;PAGA
001496;10135;2026-05-05;2026-05-20;3651.02;PAGA
001497;10135;2026-06-05;2026-06-20;3617.78;PAGA
001498;10135;2026-07-05;2026-07-20;3583.27;PAGA
001499;10135;2026-08-05;2026-08-20;3733.14;PAGA
001500;10135;2026-09-05;2026-09-20;3744.69;EM ABERTO
001501;10136;2025-10-05;2025-10-20;6605.13;PAGA
001502;10136;2025-11-05;2025-11-20;6855.36;PAGA
001503;10136;2025-12-05;2025-12-20;6724.02;PAGA
001504;10136;2026-01-05;2026-01-20;6821.08;PAGA
001505;10136;2026-02-05;2026-02-20;6909.32;PAGA
001506;10136;2026-03-05;2026-03-20;6865.01;PAGA
001507;10136;2026-04-05;2026-04-20;6686.42;PAGA
001508;10136;2026-05-05;2026-05-20;6795.52;PAGA
001509;10136;2026-06-05;2026-06-20;6777.81;PAGA
001510;10136;2026-07-05;2026-07-20;6603.17;PAGA
001511;10136;2026-08-05;2026-08-20;6801.27;ATRASADA
001512;10136;2026-09-05;2026-09-20;6639.53;ATRASADA
001513;10137;2025-10-05;2025-10-20;6609.41;PAGA
001514;10137;2025-11-05;2025-11-20;6754.96;PAGA
001515;10137;2025-12-05;2025-12-20;6578.91;PAGA
001516;10137;2026-01-05;2026-01-20;6645.00;PAGA
001517;10137;2026-02-05;2026-02-20;6605.48;PAGA
001518;10137;2026-03-05;2026-03-20;6441.03;PAGA
001519;10137;2026-04-05;2026-04-20;6441.48;PAGA
001520;10137;2026-05-05;2026-05-20;6753.88;PAGA
001521;10137;2026-06-05;2026-06-20;6591.42;PAGA
001522;10137;2026-07-05;2026-07-20;6413.80;PAGA
001523;10137;2026-08-05;2026-08-20;6591.31;PAGA
001524;10137;2026-09-05;2026-09-20;6535.99;EM ABERTO
001525;10138;2025-10-05;2025-10-20;6980.41;PAGA
001526;10138;2025-11-05;2025-11-20;6843.73;PAGA
001527;10138;2025-12-05;2025-12-20;7163.79;PAGA
001528;10138;2026-01-05;2026-01-20;6938.98;PAGA
001529;10138;2026-02-05;2026-02-20;6840.54;PAGA
001530;10138;2026-03-05;2026-03-20;7154.58;PAGA
001531;10138;2026-04-05;2026-04-20;6797.81;PAGA
001532;10138;2026-05-05;2026-05-20;6877.41;PAGA
001533;10138;2026-06-05;2026-06-20;7059.52;PAGA
001534;10138;2026-07-05;2026-07-20;6937.44;PAGA
001535;10138;2026-08-05;2026-08-20;6791.47;PAGA
001536;10138;2026-09-05;2026-09-20;6851.66;EM ABERTO
001537;10139;2025-10-05;2025-10-20;8964.73;PAGA
001538;10139;2025-11-05;2025-11-20;8892.13;PAGA
001539;10139;2025-12-05;2025-12-20;8977.27;PAGA
001540;10139;2026-01-05;2026-01-20;8934.01;PAGA
001541;10139;2026-02-05;2026-02-20;8837.96;PAGA
001542;10139;2026-03-05;2026-03-20;8971.17;PAGA
001543;10139;2026-04-05;2026-04-20;9100.93;PAGA
001544;10139;2026-05-05;2026-05-20;9090.45;PAGA
001545;10139;2026-06-05;2026-06-20;8768.72;PAGA
001546;10139;2026-07-05;2026-07-20;8776.54;PAGA
001547;10139;2026-08-05;2026-08-20;8741.74;PAGA
001548;10139;2026-09-05;2026-09-20;8750.88;EM ABERTO
001549;10140;2025-10-05;2025-10-20;7540.60;PAGA
001550;10140;2025-11-05;2025-11-20;7554.74;PAGA
001551;10140;2025-12-05;2025-12-20;7396.99;PAGA
001552;10140;2026-01-05;2026-01-20;7736.91;PAGA
001553;10140;2026-02-05;2026-02-20;7519.29;PAGA
001554;10140;2026-03-05;2026-03-20;7657.14;PAGA
001555;10140;2026-04-05;2026-04-20;7539.35;PAGA
001556;10140;2026-05-05;2026-05-20;7469.16;PAGA
001557;10140;2026-06-05;2026-06-20;7785.44;PAGA
001558;10140;2026-07-05;2026-07-20;7713.30;PAGA
001559;10140;2026-08-05;2026-08-20;7571.39;PAGA
001560;10140;2026-09-05;2026-09-20;7669.41;EM ABERTO
001561;10141;2025-10-05;2025-10-20;3253.09;PAGA
001562;10141;2025-11-05;2025-11-20;3262.74;PAGA
001563;10141;2025-12-05;2025-12-20;3383.67;PAGA
001564;10141;2026-01-05;2026-01-20;3357.81;PAGA
001565;10141;2026-02-05;2026-02-20;3279.07;PAGA
001566;10141;2026-03-05;2026-03-20;3392.21;PAGA
001567;10141;2026-04-05;2026-04-20;3208.25;PAGA
001568;10141;2026-05-05;2026-05-20;3393.37;PAGA
001569;10141;2026-06-05;2026-06-20;3322.04;PAGA
001570;10141;2026-07-05;2026-07-20;3265.48;PAGA
001571;10141;2026-08-05;2026-08-20;3397.38;PAGA
001572;10141;2026-09-05;2026-09-20;3400.11;EM ABERTO
001573;10142;2025-10-05;2025-10-20;8613.77;PAGA
001574;10142;2025-11-05;2025-11-20;8761.12;PAGA
001575;10142;2025-12-05;2025-12-20;8624.39;PAGA
001576;10142;2026-01-05;2026-01-20;8387.63;PAGA
001577;10142;2026-02-05;2026-02-20;8752.09;PAGA
001578;10142;2026-03-05;2026-03-20;8359.54;PAGA
001579;10142;2026-04-05;2026-04-20;8418.40;PAGA
001580;10142;2026-05-05;2026-05-20;8605.32;PAGA
001581;10142;2026-06-05;2026-06-20;8280.94;PAGA
001582;10142;2026-07-05;2026-07-20;8475.51;PAGA
001583;10142;2026-08-05;2026-08-20;8712.56;PAGA
001584;10142;2026-09-05;2026-09-20;8468.88;EM ABERTO
001585;10143;2025-10-05;2025-10-20;2139.88;PAGA
001586;10143;2025-11-05;2025-11-20;2165.44;PAGA
001587;10143;2025-12-05;2025-12-20;2152.82;PAGA
001588;10143;2026-01-05;2026-01-20;2145.14;PAGA
001589;10143;2026-02-05;2026-02-20;2057.15;PAGA
001590;10143;2026-03-05;2026-03-20;2130.19;PAGA
001591;10143;2026-04-05;2026-04-20;2066.41;PAGA
001592;10143;2026-05-05;2026-05-20;2128.75;PAGA
001593;10143;2026-06-05;2026-06-20;2093.58;PAGA
001594;10143;2026-07-05;2026-07-20;2096.96;PAGA
001595;10143;2026-08-05;2026-08-20;2082.06;PAGA
001596;10143;2026-09-05;2026-09-20;2124.64;EM ABERTO
001597;10144;2025-10-05;2025-10-20;3744.05;PAGA
001598;10144;2025-11-05;2025-11-20;3759.72;PAGA
001599;10144;2025-12-05;2025-12-20;3606.71;PAGA
001600;10144;2026-01-05;2026-01-20;3680.96;PAGA
001601;10144;2026-02-05;2026-02-20;3764.08;PAGA
001602;10144;2026-03-05;2026-03-20;3743.95;PAGA
001603;10144;2026-04-05;2026-04-20;3722.69;PAGA
001604;10144;2026-05-05;2026-05-20;3631.08;PAGA
001605;10144;2026-06-05;2026-06-20;3691.54;PAGA
001606;10144;2026-07-05;2026-07-20;3626.36;PAGA
001607;10144;2026-08-05;2026-08-20;3736.35;PAGA
001608;10144;2026-09-05;2026-09-20;3605.33;EM ABERTO
001609;10145;2025-10-05;2025-10-20;6439.87;PAGA
001610;10145;2025-11-05;2025-11-20;6645.85;PAGA
001611;10145;2025-12-05;2025-12-20;6561.63;PAGA
001612;10145;2026-01-05;2026-01-20;6405.23;PAGA
001613;10145;2026-02-05;2026-02-20;6361.77;PAGA
001614;10145;2026-03-05;2026-03-20;6365.28;PAGA
001615;10145;2026-04-05;2026-04-20;6422.48;PAGA
001616;10145;2026-05-05;2026-05-20;6702.70;PAGA
001617;10145;2026-06-05;2026-06-20;6426.08;PAGA
001618;10145;2026-07-05;2026-07-20;6515.78;PAGA
001619;10145;2026-08-05;2026-08-20;6654.88;PAGA
001620;10145;2026-09-05;2026-09-20;6687.72;EM ABERTO
001621;10146;2025-10-05;2025-10-20;2818.90;PAGA
001622;10146;2025-11-05;2025-11-20;2874.33;PAGA
001623;10146;2025-12-05;2025-12-20;2911.56;PAGA
001624;10146;2026-01-05;2026-01-20;2794.94;PAGA
001625;10146;2026-02-05;2026-02-20;2804.79;PAGA
001626;10146;2026-03-05;2026-03-20;2885.78;PAGA
001627;10146;2026-04-05;2026-04-20;2842.91;PAGA
001628;10146;2026-05-05;2026-05-20;2928.59;PAGA
001629;10146;2026-06-05;2026-06-20;2815.10;PAGA
001630;10146;2026-07-05;2026-07-20;2878.18;PAGA
001631;10146;2026-08-05;2026-08-20;2874.98;PAGA
001632;10146;2026-09-05;2026-09-20;2816.33;EM ABERTO
001633;10147;2025-10-05;2025-10-20;5392.46;PAGA
001634;10147;2025-11-05;2025-11-20;5452.70;PAGA
001635;10147;2025-12-05;2025-12-20;5272.78;PAGA
001636;10147;2026-01-05;2026-01-20;5183.28;PAGA
001637;10147;2026-02-05;2026-02-20;5394.75;PAGA
001638;10147;2026-03-05;2026-03-20;5274.80;PAGA
001639;10147;2026-04-05;2026-04-20;5379.78;PAGA
001640;10147;2026-05-05;2026-05-20;5180.39;PAGA
001641;10147;2026-06-05;2026-06-20;5224.10;PAGA
001642;10147;2026-07-05;2026-07-20;5422.70;PAGA
001643;10147;2026-08-05;2026-08-20;5195.88;PAGA
001644;10147;2026-09-05;2026-09-20;5195.12;EM ABERTO
001645;10148;2025-10-05;2025-10-20;1106.58;PAGA
001646;10148;2025-11-05;2025-11-20;1124.30;PAGA
001647;10148;2025-12-05;2025-12-20;1120.27;PAGA
001648;10148;2026-01-05;2026-01-20;1087.51;PAGA
001649;10148;2026-02-05;2026-02-20;1133.96;PAGA
001650;10148;2026-03-05;2026-03-20;1115.22;PAGA
001651;10148;2026-04-05;2026-04-20;1112.51;PAGA
001652;10148;2026-05-05;2026-05-20;1117.66;PAGA
001653;10148;2026-06-05;2026-06-20;1110.68;PAGA
001654;10148;2026-07-05;2026-07-20;1105.40;PAGA
001655;10148;2026-08-05;2026-08-20;1088.69;PAGA
001656;10148;2026-09-05;2026-09-20;1120.79;EM ABERTO
001657;10149;2025-10-05;2025-10-20;7638.17;PAGA
001658;10149;2025-11-05;2025-11-20;7308.68;PAGA
001659;10149;2025-12-05;2025-12-20;7567.05;PAGA
001660;10149;2026-01-05;2026-01-20;7561.64;PAGA
001661;10149;2026-02-05;2026-02-20;7450.44;PAGA
001662;10149;2026-03-05;2026-03-20;7347.79;PAGA
001663;10149;2026-04-05;2026-04-20;7422.98;PAGA
001664;10149;2026-05-05;2026-05-20;7608.06;PAGA
001665;10149;2026-06-05;2026-06-20;7550.39;PAGA
001666;10149;2026-07-05;2026-07-20;7650.13;PAGA
001667;10149;2026-08-05;2026-08-20;7354.01;PAGA
001668;10149;2026-09-05;2026-09-20;7430.69;EM ABERTO
001669;10150;2025-10-05;2025-10-20;2709.31;PAGA
001670;10150;2025-11-05;2025-11-20;2773.59;PAGA
001671;10150;2025-12-05;2025-12-20;2742.88;PAGA
001672;10150;2026-01-05;2026-01-20;2656.18;PAGA
001673;10150;2026-02-05;2026-02-20;2764.12;PAGA
001674;10150;2026-03-05;2026-03-20;2702.02;PAGA
001675;10150;2026-04-05;2026-04-20;2694.51;PAGA
001676;10150;2026-05-05;2026-05-20;2695.10;PAGA
001677;10150;2026-06-05;2026-06-20;2809.35;PAGA
001678;10150;2026-07-05;2026-07-20;2728.30;PAGA
001679;10150;2026-08-05;2026-08-20;2758.44;PAGA
001680;10150;2026-09-05;2026-09-20;2748.48;ATRASADA
001681;10151;2025-10-05;2025-10-20;1830.54;PAGA
001682;10151;2025-11-05;2025-11-20;1824.52;PAGA
001683;10151;2025-12-05;2025-12-20;1843.71;PAGA
001684;10151;2026-01-05;2026-01-20;1893.48;PAGA
001685;10151;2026-02-05;2026-02-20;1808.81;PAGA
001686;10151;2026-03-05;2026-03-20;1804.47;PAGA
001687;10151;2026-04-05;2026-04-20;1889.86;PAGA
001688;10151;2026-05-05;2026-05-20;1881.37;PAGA
001689;10151;2026-06-05;2026-06-20;1802.48;PAGA
001690;10151;2026-07-05;2026-07-20;1881.32;PAGA
001691;10151;2026-08-05;2026-08-20;1822.10;PAGA
001692;10151;2026-09-05;2026-09-20;1801.65;EM ABERTO
001693;10152;2025-10-05;2025-10-20;6026.02;PAGA
001694;10152;2025-11-05;2025-11-20;5825.42;PAGA
001695;10152;2025-12-05;2025-12-20;5973.77;PAGA
001696;10152;2026-01-05;2026-01-20;5882.28;PAGA
001697;10152;2026-02-05;2026-02-20;5914.60;PAGA
001698;10152;2026-03-05;2026-03-20;5884.77;PAGA
001699;10152;2026-04-05;2026-04-20;5762.45;PAGA
001700;10152;2026-05-05;2026-05-20;5943.81;PAGA
001701;10152;2026-06-05;2026-06-20;5846.83;PAGA
001702;10152;2026-07-05;2026-07-20;5923.70;PAGA
001703;10152;2026-08-05;2026-08-20;6008.71;PAGA
001704;10152;2026-09-05;2026-09-20;5910.46;EM ABERTO
001705;10153;2025-10-05;2025-10-20;1645.55;PAGA
001706;10153;2025-11-05;2025-11-20;1693.90;PAGA
001707;10153;2025-12-05;2025-12-20;1630.01;PAGA
001708;10153;2026-01-05;2026-01-20;1689.33;PAGA
001709;10153;2026-02-05;2026-02-20;1660.90;PAGA
001710;10153;2026-03-05;2026-03-20;1666.04;PAGA
001711;10153;2026-04-05;2026-04-20;1707.88;PAGA
001712;10153;2026-05-05;2026-05-20;1683.45;PAGA
001713;10153;2026-06-05;2026-06-20;1610.97;PAGA
001714;10153;2026-07-05;2026-07-20;1703.69;PAGA
001715;10153;2026-08-05;2026-08-20;1649.74;ATRASADA
001716;10153;2026-09-05;2026-09-20;1612.01;ATRASADA
001717;10154;2025-10-05;2025-10-20;7400.04;PAGA
001718;10154;2025-11-05;2025-11-20;7153.73;PAGA
001719;10154;2025-12-05;2025-12-20;7543.11;PAGA
001720;10154;2026-01-05;2026-01-20;7336.31;PAGA
001721;10154;2026-02-05;2026-02-20;7219.85;PAGA
001722;10154;2026-03-05;2026-03-20;7211.30;PAGA
001723;10154;2026-04-05;2026-04-20;7398.32;PAGA
001724;10154;2026-05-05;2026-05-20;7178.67;PAGA
001725;10154;2026-06-05;2026-06-20;7356.69;PAGA
001726;10154;2026-07-05;2026-07-20;7190.57;PAGA
001727;10154;2026-08-05;2026-08-20;7172.65;PAGA
001728;10154;2026-09-05;2026-09-20;7381.78;EM ABERTO
001729;10155;2025-10-05;2025-10-20;6980.80;PAGA
001730;10155;2025-11-05;2025-11-20;6842.45;PAGA
001731;10155;2025-12-05;2025-12-20;6624.89;PAGA
001732;10155;2026-01-05;2026-01-20;6701.61;PAGA
001733;10155;2026-02-05;2026-02-20;6912.84;PAGA
001734;10155;2026-03-05;2026-03-20;6890.15;PAGA
001735;10155;2026-04-05;2026-04-20;6583.40;PAGA
001736;10155;2026-05-05;2026-05-20;6592.58;PAGA
001737;10155;2026-06-05;2026-06-20;6762.84;PAGA
001738;10155;2026-07-05;2026-07-20;6974.77;PAGA
001739;10155;2026-08-05;2026-08-20;6908.57;PAGA
001740;10155;2026-09-05;2026-09-20;6913.27;EM ABERTO
001741;10156;2025-10-05;2025-10-20;7266.53;PAGA
001742;10156;2025-11-05;2025-11-20;6980.32;PAGA
001743;10156;2025-12-05;2025-12-20;6922.44;PAGA
001744;10156;2026-01-05;2026-01-20;7103.36;PAGA
001745;10156;2026-02-05;2026-02-20;7140.99;PAGA
001746;10156;2026-03-05;2026-03-20;7228.77;PAGA
001747;10156;2026-04-05;2026-04-20;7171.24;PAGA
001748;10156;2026-05-05;2026-05-20;7150.09;PAGA
001749;10156;2026-06-05;2026-06-20;6889.49;PAGA
001750;10156;2026-07-05;2026-07-20;7154.59;PAGA
001751;10156;2026-08-05;2026-08-20;7120.84;PAGA
001752;10156;2026-09-05;2026-09-20;6999.42;EM ABERTO
001753;10157;2025-10-05;2025-10-20;6632.69;PAGA
001754;10157;2025-11-05;2025-11-20;6447.97;PAGA
001755;10157;2025-12-05;2025-12-20;6680.97;PAGA
001756;10157;2026-01-05;2026-01-20;6719.96;PAGA
001757;10157;2026-02-05;2026-02-20;6411.77;PAGA
001758;10157;2026-03-05;2026-03-20;6428.44;PAGA
001759;10157;2026-04-05;2026-04-20;6720.98;PAGA
001760;10157;2026-05-05;2026-05-20;6569.38;PAGA
001761;10157;2026-06-05;2026-06-20;6644.67;PAGA
001762;10157;2026-07-05;2026-07-20;6554.52;PAGA
001763;10157;2026-08-05;2026-08-20;6739.30;PAGA
001764;10157;2026-09-05;2026-09-20;6664.17;EM ABERTO
001765;10158;2025-10-05;2025-10-20;8838.88;PAGA
001766;10158;2025-11-05;2025-11-20;8728.99;PAGA
001767;10158;2025-12-05;2025-12-20;8835.33;PAGA
001768;10158;2026-01-05;2026-01-20;9046.77;PAGA
001769;10158;2026-02-05;2026-02-20;8933.94;PAGA
001770;10158;2026-03-05;2026-03-20;8715.96;PAGA
001771;10158;2026-04-05;2026-04-20;9084.71;PAGA
001772;10158;2026-05-05;2026-05-20;9121.50;PAGA
001773;10158;2026-06-05;2026-06-20;8658.45;PAGA
001774;10158;2026-07-05;2026-07-20;9069.80;PAGA
001775;10158;2026-08-05;2026-08-20;9112.37;PAGA
001776;10158;2026-09-05;2026-09-20;9006.96;EM ABERTO
001777;10159;2025-10-05;2025-10-20;6499.53;PAGA
001778;10159;2025-11-05;2025-11-20;6498.70;PAGA
001779;10159;2025-12-05;2025-12-20;6598.33;PAGA
001780;10159;2026-01-05;2026-01-20;6672.63;PAGA
001781;10159;2026-02-05;2026-02-20;6529.24;PAGA
001782;10159;2026-03-05;2026-03-20;6529.97;PAGA
001783;10159;2026-04-05;2026-04-20;6792.36;PAGA
001784;10159;2026-05-05;2026-05-20;6789.93;PAGA
001785;10159;2026-06-05;2026-06-20;6804.78;PAGA
001786;10159;2026-07-05;2026-07-20;6520.86;PAGA
001787;10159;2026-08-05;2026-08-20;6531.63;PAGA
001788;10159;2026-09-05;2026-09-20;6601.29;EM ABERTO
001789;10160;2025-10-05;2025-10-20;4834.28;PAGA
001790;10160;2025-11-05;2025-11-20;4921.65;PAGA
001791;10160;2025-12-05;2025-12-20;4738.65;PAGA
001792;10160;2026-01-05;2026-01-20;4820.51;PAGA
001793;10160;2026-02-05;2026-02-20;4910.89;PAGA
001794;10160;2026-03-05;2026-03-20;4835.57;PAGA
001795;10160;2026-04-05;2026-04-20;4928.72;PAGA
001796;10160;2026-05-05;2026-05-20;4742.02;PAGA
001797;10160;2026-06-05;2026-06-20;4814.07;PAGA
001798;10160;2026-07-05;2026-07-20;4937.68;PAGA
001799;10160;2026-08-05;2026-08-20;5002.02;PAGA
001800;10160;2026-09-05;2026-09-20;4898.09;EM ABERTO
001801;10161;2025-10-05;2025-10-20;7432.34;PAGA
001802;10161;2025-11-05;2025-11-20;7436.11;PAGA
001803;10161;2025-12-05;2025-12-20;7656.47;PAGA
001804;10161;2026-01-05;2026-01-20;7354.78;PAGA
001805;10161;2026-02-05;2026-02-20;7533.71;PAGA
001806;10161;2026-03-05;2026-03-20;7558.08;PAGA
001807;10161;2026-04-05;2026-04-20;7442.09;PAGA
001808;10161;2026-05-05;2026-05-20;7380.89;PAGA
001809;10161;2026-06-05;2026-06-20;7601.42;PAGA
001810;10161;2026-07-05;2026-07-20;7287.93;PAGA
001811;10161;2026-08-05;2026-08-20;7360.83;PAGA
001812;10161;2026-09-05;2026-09-20;7343.73;EM ABERTO
001813;10162;2025-10-05;2025-10-20;4964.23;PAGA
001814;10162;2025-11-05;2025-11-20;4941.37;PAGA
001815;10162;2025-12-05;2025-12-20;4972.11;PAGA
001816;10162;2026-01-05;2026-01-20;5019.00;PAGA
001817;10162;2026-02-05;2026-02-20;5026.36;PAGA
001818;10162;2026-03-05;2026-03-20;5046.58;PAGA
001819;10162;2026-04-05;2026-04-20;4779.15;PAGA
001820;10162;2026-05-05;2026-05-20;4926.00;PAGA
001821;10162;2026-06-05;2026-06-20;4797.81;PAGA
001822;10162;2026-07-05;2026-07-20;4909.77;PAGA
001823;10162;2026-08-05;2026-08-20;4911.27;ATRASADA
001824;10162;2026-09-05;2026-09-20;4825.07;ATRASADA
001825;10163;2025-10-05;2025-10-20;8033.00;PAGA
001826;10163;2025-11-05;2025-11-20;7878.31;PAGA
001827;10163;2025-12-05;2025-12-20;7855.28;PAGA
001828;10163;2026-01-05;2026-01-20;7994.83;PAGA
001829;10163;2026-02-05;2026-02-20;8217.76;PAGA
001830;10163;2026-03-05;2026-03-20;8172.39;PAGA
001831;10163;2026-04-05;2026-04-20;8278.88;PAGA
001832;10163;2026-05-05;2026-05-20;7912.40;PAGA
001833;10163;2026-06-05;2026-06-20;8266.16;PAGA
001834;10163;2026-07-05;2026-07-20;7820.43;PAGA
001835;10163;2026-08-05;2026-08-20;8155.44;PAGA
001836;10163;2026-09-05;2026-09-20;8136.08;ATRASADA
001837;10164;2025-10-05;2025-10-20;6683.68;PAGA
001838;10164;2025-11-05;2025-11-20;6481.52;PAGA
001839;10164;2025-12-05;2025-12-20;6524.06;PAGA
001840;10164;2026-01-05;2026-01-20;6540.94;PAGA
001841;10164;2026-02-05;2026-02-20;6436.73;PAGA
001842;10164;2026-03-05;2026-03-20;6564.88;PAGA
001843;10164;2026-04-05;2026-04-20;6434.61;PAGA
001844;10164;2026-05-05;2026-05-20;6767.86;PAGA
001845;10164;2026-06-05;2026-06-20;6590.24;PAGA
001846;10164;2026-07-05;2026-07-20;6525.04;PAGA
001847;10164;2026-08-05;2026-08-20;6784.88;PAGA
001848;10164;2026-09-05;2026-09-20;6619.27;EM ABERTO
001849;10165;2025-10-05;2025-10-20;2789.76;PAGA
001850;10165;2025-11-05;2025-11-20;2803.43;PAGA
001851;10165;2025-12-05;2025-12-20;2707.40;PAGA
001852;10165;2026-01-05;2026-01-20;2822.03;PAGA
001853;10165;2026-02-05;2026-02-20;2724.39;PAGA
001854;10165;2026-03-05;2026-03-20;2798.02;PAGA
001855;10165;2026-04-05;2026-04-20;2721.12;PAGA
001856;10165;2026-05-05;2026-05-20;2787.86;PAGA
001857;10165;2026-06-05;2026-06-20;2795.27;PAGA
001858;10165;2026-07-05;2026-07-20;2735.12;ATRASADA
001859;10165;2026-08-05;2026-08-20;2744.76;ATRASADA
001860;10165;2026-09-05;2026-09-20;2713.02;ATRASADA
001861;10166;2025-10-05;2025-10-20;8287.30;PAGA
001862;10166;2025-11-05;2025-11-20;8215.89;PAGA
001863;10166;2025-12-05;2025-12-20;8498.50;PAGA
001864;10166;2026-01-05;2026-01-20;8159.48;PAGA
001865;10166;2026-02-05;2026-02-20;8525.93;PAGA
001866;10166;2026-03-05;2026-03-20;8592.58;PAGA
001867;10166;2026-04-05;2026-04-20;8324.59;PAGA
001868;10166;2026-05-05;2026-05-20;8647.39;PAGA
001869;10166;2026-06-05;2026-06-20;8317.48;PAGA
001870;10166;2026-07-05;2026-07-20;8214.15;PAGA
001871;10166;2026-08-05;2026-08-20;8218.33;PAGA
001872;10166;2026-09-05;2026-09-20;8396.97;EM ABERTO
001873;10167;2025-10-05;2025-10-20;5014.10;PAGA
001874;10167;2025-11-05;2025-11-20;5222.03;PAGA
001875;10167;2025-12-05;2025-12-20;5312.54;PAGA
001876;10167;2026-01-05;2026-01-20;5042.25;PAGA
001877;10167;2026-02-05;2026-02-20;5088.84;PAGA
001878;10167;2026-03-05;2026-03-20;5147.57;PAGA
001879;10167;2026-04-05;2026-04-20;5227.24;PAGA
001880;10167;2026-05-05;2026-05-20;5069.80;PAGA
001881;10167;2026-06-05;2026-06-20;5215.62;PAGA
001882;10167;2026-07-05;2026-07-20;5030.02;PAGA
001883;10167;2026-08-05;2026-08-20;5265.61;PAGA
001884;10167;2026-09-05;2026-09-20;5044.32;EM ABERTO
001885;10168;2025-10-05;2025-10-20;3359.96;PAGA
001886;10168;2025-11-05;2025-11-20;3474.45;PAGA
001887;10168;2025-12-05;2025-12-20;3531.15;PAGA
001888;10168;2026-01-05;2026-01-20;3368.72;PAGA
001889;10168;2026-02-05;2026-02-20;3409.45;PAGA
001890;10168;2026-03-05;2026-03-20;3424.61;PAGA
001891;10168;2026-04-05;2026-04-20;3392.80;PAGA
001892;10168;2026-05-05;2026-05-20;3528.01;PAGA
001893;10168;2026-06-05;2026-06-20;3534.51;PAGA
001894;10168;2026-07-05;2026-07-20;3553.26;PAGA
001895;10168;2026-08-05;2026-08-20;3433.86;PAGA
001896;10168;2026-09-05;2026-09-20;3416.78;EM ABERTO
001897;10169;2025-10-05;2025-10-20;5237.87;PAGA
001898;10169;2025-11-05;2025-11-20;5170.96;PAGA
001899;10169;2025-12-05;2025-12-20;5413.66;PAGA
001900;10169;2026-01-05;2026-01-20;5239.29;PAGA
001901;10169;2026-02-05;2026-02-20;5315.56;PAGA
001902;10169;2026-03-05;2026-03-20;5351.88;PAGA
001903;10169;2026-04-05;2026-04-20;5269.06;PAGA
001904;10169;2026-05-05;2026-05-20;5410.61;PAGA
001905;10169;2026-06-05;2026-06-20;5370.51;PAGA
001906;10169;2026-07-05;2026-07-20;5315.73;PAGA
001907;10169;2026-08-05;2026-08-20;5310.42;PAGA
001908;10169;2026-09-05;2026-09-20;5322.35;EM ABERTO
001909;10170;2025-10-05;2025-10-20;3103.21;PAGA
001910;10170;2025-11-05;2025-11-20;3141.82;PAGA
001911;10170;2025-12-05;2025-12-20;3240.72;PAGA
001912;10170;2026-01-05;2026-01-20;3163.42;PAGA
001913;10170;2026-02-05;2026-02-20;3083.25;PAGA
001914;10170;2026-03-05;2026-03-20;3116.26;PAGA
001915;10170;2026-04-05;2026-04-20;3130.74;PAGA
001916;10170;2026-05-05;2026-05-20;3178.29;PAGA
001917;10170;2026-06-05;2026-06-20;3087.09;PAGA
001918;10170;2026-07-05;2026-07-20;3169.99;PAGA
001919;10170;2026-08-05;2026-08-20;3064.42;PAGA
001920;10170;2026-09-05;2026-09-20;3116.49;ATRASADA
001921;10171;2025-10-05;2025-10-20;4953.63;PAGA
001922;10171;2025-11-05;2025-11-20;5084.06;PAGA
001923;10171;2025-12-05;2025-12-20;5039.75;PAGA
001924;10171;2026-01-05;2026-01-20;4951.51;PAGA
001925;10171;2026-02-05;2026-02-20;4898.17;PAGA
001926;10171;2026-03-05;2026-03-20;5047.85;PAGA
001927;10171;2026-04-05;2026-04-20;5099.07;PAGA
001928;10171;2026-05-05;2026-05-20;5025.87;PAGA
001929;10171;2026-06-05;2026-06-20;5044.78;PAGA
001930;10171;2026-07-05;2026-07-20;5188.45;PAGA
001931;10171;2026-08-05;2026-08-20;4905.72;PAGA
001932;10171;2026-09-05;2026-09-20;5009.57;EM ABERTO
001933;10172;2025-10-05;2025-10-20;2255.21;PAGA
001934;10172;2025-11-05;2025-11-20;2329.08;PAGA
001935;10172;2025-12-05;2025-12-20;2227.88;PAGA
001936;10172;2026-01-05;2026-01-20;2255.37;PAGA
001937;10172;2026-02-05;2026-02-20;2354.52;PAGA
001938;10172;2026-03-05;2026-03-20;2317.00;PAGA
001939;10172;2026-04-05;2026-04-20;2224.42;PAGA
001940;10172;2026-05-05;2026-05-20;2227.07;PAGA
001941;10172;2026-06-05;2026-06-20;2262.38;PAGA
001942;10172;2026-07-05;2026-07-20;2241.12;PAGA
001943;10172;2026-08-05;2026-08-20;2341.70;PAGA
001944;10172;2026-09-05;2026-09-20;2322.52;EM ABERTO
001945;10173;2025-10-05;2025-10-20;1969.05;PAGA
001946;10173;2025-11-05;2025-11-20;1980.99;PAGA
001947;10173;2025-12-05;2025-12-20;2042.76;PAGA
001948;10173;2026-01-05;2026-01-20;1968.07;PAGA
001949;10173;2026-02-05;2026-02-20;2049.50;PAGA
001950;10173;2026-03-05;2026-03-20;2017.32;PAGA
001951;10173;2026-04-05;2026-04-20;2026.06;PAGA
001952;10173;2026-05-05;2026-05-20;1950.73;PAGA
001953;10173;2026-06-05;2026-06-20;1979.25;PAGA
001954;10173;2026-07-05;2026-07-20;2041.45;PAGA
001955;10173;2026-08-05;2026-08-20;1993.36;PAGA
001956;10173;2026-09-05;2026-09-20;2042.94;EM ABERTO
001957;10174;2025-10-05;2025-10-20;5092.95;PAGA
001958;10174;2025-11-05;2025-11-20;5130.73;PAGA
001959;10174;2025-12-05;2025-12-20;4952.48;PAGA
001960;10174;2026-01-05;2026-01-20;4925.31;PAGA
001961;10174;2026-02-05;2026-02-20;5064.18;PAGA
001962;10174;2026-03-05;2026-03-20;4950.77;PAGA
001963;10174;2026-04-05;2026-04-20;5012.05;PAGA
001964;10174;2026-05-05;2026-05-20;5053.72;PAGA
001965;10174;2026-06-05;2026-06-20;5000.44;PAGA
001966;10174;2026-07-05;2026-07-20;5101.39;PAGA
001967;10174;2026-08-05;2026-08-20;5022.83;PAGA
001968;10174;2026-09-05;2026-09-20;5052.33;EM ABERTO
001969;10175;2025-10-05;2025-10-20;9085.78;PAGA
001970;10175;2025-11-05;2025-11-20;9326.15;PAGA
001971;10175;2025-12-05;2025-12-20;9014.99;PAGA
001972;10175;2026-01-05;2026-01-20;9246.38;PAGA
001973;10175;2026-02-05;2026-02-20;9123.48;PAGA
001974;10175;2026-03-05;2026-03-20;8910.56;PAGA
001975;10175;2026-04-05;2026-04-20;9176.16;PAGA
001976;10175;2026-05-05;2026-05-20;9166.90;PAGA
001977;10175;2026-06-05;2026-06-20;9161.38;PAGA
001978;10175;2026-07-05;2026-07-20;9168.80;PAGA
001979;10175;2026-08-05;2026-08-20;9309.24;PAGA
001980;10175;2026-09-05;2026-09-20;8942.51;EM ABERTO
001981;10176;2025-10-05;2025-10-20;4848.74;PAGA
001982;10176;2025-11-05;2025-11-20;5019.42;PAGA
001983;10176;2025-12-05;2025-12-20;4988.37;PAGA
001984;10176;2026-01-05;2026-01-20;4800.48;PAGA
001985;10176;2026-02-05;2026-02-20;4831.44;PAGA
001986;10176;2026-03-05;2026-03-20;4928.19;PAGA
001987;10176;2026-04-05;2026-04-20;4779.42;PAGA
001988;10176;2026-05-05;2026-05-20;4802.44;PAGA
001989;10176;2026-06-05;2026-06-20;4992.24;PAGA
001990;10176;2026-07-05;2026-07-20;4956.94;PAGA
001991;10176;2026-08-05;2026-08-20;4830.82;PAGA
001992;10176;2026-09-05;2026-09-20;4980.79;EM ABERTO
001993;10177;2025-10-05;2025-10-20;3970.21;PAGA
001994;10177;2025-11-05;2025-11-20;3904.83;PAGA
001995;10177;2025-12-05;2025-12-20;3927.18;PAGA
001996;10177;2026-01-05;2026-01-20;3940.54;PAGA
001997;10177;2026-02-05;2026-02-20;3834.92;PAGA
001998;10177;2026-03-05;2026-03-20;3810.60;PAGA
001999;10177;2026-04-05;2026-04-20;3775.49;PAGA
002000;10177;2026-05-05;2026-05-20;3873.92;PAGA
002001;10177;2026-06-05;2026-06-20;3921.54;PAGA
002002;10177;2026-07-05;2026-07-20;3828.22;PAGA
002003;10177;2026-08-05;2026-08-20;3832.97;PAGA
002004;10177;2026-09-05;2026-09-20;3859.17;EM ABERTO
002005;10178;2025-10-05;2025-10-20;6348.09;PAGA
002006;10178;2025-11-05;2025-11-20;6369.31;PAGA
002007;10178;2025-12-05;2025-12-20;6486.62;PAGA
002008;10178;2026-01-05;2026-01-20;6356.03;PAGA
002009;10178;2026-02-05;2026-02-20;6520.43;PAGA
002010;10178;2026-03-05;2026-03-20;6403.23;PAGA
002011;10178;2026-04-05;2026-04-20;6445.29;PAGA
002012;10178;2026-05-05;2026-05-20;6663.13;PAGA
002013;10178;2026-06-05;2026-06-20;6702.01;PAGA
002014;10178;2026-07-05;2026-07-20;6664.94;ATRASADA
002015;10178;2026-08-05;2026-08-20;6417.19;ATRASADA
002016;10178;2026-09-05;2026-09-20;6594.73;ATRASADA
002017;10179;2025-10-05;2025-10-20;4889.15;PAGA
002018;10179;2025-11-05;2025-11-20;4885.71;PAGA
002019;10179;2025-12-05;2025-12-20;5011.71;PAGA
002020;10179;2026-01-05;2026-01-20;5064.03;PAGA
002021;10179;2026-02-05;2026-02-20;4942.49;PAGA
002022;10179;2026-03-05;2026-03-20;5126.86;PAGA
002023;10179;2026-04-05;2026-04-20;4864.09;PAGA
002024;10179;2026-05-05;2026-05-20;5032.37;PAGA
002025;10179;2026-06-05;2026-06-20;4924.01;PAGA
002026;10179;2026-07-05;2026-07-20;4965.80;PAGA
002027;10179;2026-08-05;2026-08-20;5067.97;PAGA
002028;10179;2026-09-05;2026-09-20;5032.28;EM ABERTO
002029;10180;2025-10-05;2025-10-20;7770.60;PAGA
002030;10180;2025-11-05;2025-11-20;7489.22;PAGA
002031;10180;2025-12-05;2025-12-20;7620.33;PAGA
002032;10180;2026-01-05;2026-01-20;7818.51;PAGA
002033;10180;2026-02-05;2026-02-20;7580.89;PAGA
002034;10180;2026-03-05;2026-03-20;7644.98;PAGA
002035;10180;2026-04-05;2026-04-20;7836.94;PAGA
002036;10180;2026-05-05;2026-05-20;7536.68;PAGA
002037;10180;2026-06-05;2026-06-20;7632.67;PAGA
002038;10180;2026-07-05;2026-07-20;7732.75;PAGA
002039;10180;2026-08-05;2026-08-20;7811.12;PAGA
002040;10180;2026-09-05;2026-09-20;7536.66;EM ABERTO
002041;10181;2025-10-05;2025-10-20;3459.52;PAGA
002042;10181;2025-11-05;2025-11-20;3368.65;PAGA
002043;10181;2025-12-05;2025-12-20;3327.86;PAGA
002044;10181;2026-01-05;2026-01-20;3437.91;PAGA
002045;10181;2026-02-05;2026-02-20;3378.77;PAGA
002046;10181;2026-03-05;2026-03-20;3452.35;PAGA
002047;10181;2026-04-05;2026-04-20;3451.10;PAGA
002048;10181;2026-05-05;2026-05-20;3393.92;PAGA
002049;10181;2026-06-05;2026-06-20;3326.44;PAGA
002050;10181;2026-07-05;2026-07-20;3372.02;PAGA
002051;10181;2026-08-05;2026-08-20;3273.83;PAGA
002052;10181;2026-09-05;2026-09-20;3312.35;EM ABERTO
002053;10182;2025-10-05;2025-10-20;1130.25;PAGA
002054;10182;2025-11-05;2025-11-20;1149.21;PAGA
002055;10182;2025-12-05;2025-12-20;1105.97;PAGA
002056;10182;2026-01-05;2026-01-20;1139.92;PAGA
002057;10182;2026-02-05;2026-02-20;1129.55;PAGA
002058;10182;2026-03-05;2026-03-20;1136.82;PAGA
002059;10182;2026-04-05;2026-04-20;1146.58;PAGA
002060;10182;2026-05-05;2026-05-20;1111.81;PAGA
002061;10182;2026-06-05;2026-06-20;1130.23;PAGA
002062;10182;2026-07-05;2026-07-20;1115.48;PAGA
002063;10182;2026-08-05;2026-08-20;1125.37;PAGA
002064;10182;2026-09-05;2026-09-20;1104.96;EM ABERTO
002065;10183;2025-10-05;2025-10-20;1274.95;PAGA
002066;10184;2025-11-05;2025-11-20;1288.86;PAGA
002067;10183;2025-12-05;2025-12-20;1240.10;PAGA
002068;10184;2026-01-05;2026-01-20;1259.53;PAGA
002069;10183;2026-02-05;2026-02-20;1285.07;PAGA
002070;10184;2026-03-05;2026-03-20;1289.67;PAGA
002071;10183;2026-04-05;2026-04-20;1290.94;PAGA
002072;10184;2026-05-05;2026-05-20;1292.53;PAGA
002073;10183;2026-06-05;2026-06-20;1278.98;PAGA
002074;10184;2026-07-05;2026-07-20;1275.43;PAGA
002075;10183;2026-08-05;2026-08-20;1297.04;PAGA
002076;10184;2026-09-05;2026-09-20;1235.24;EM ABERTO
002077;10185;2025-10-05;2025-10-20;2923.13;PAGA
002078;10185;2025-11-05;2025-11-20;2948.52;PAGA
002079;10185;2025-12-05;2025-12-20;3015.47;PAGA
002080;10185;2026-01-05;2026-01-20;2901.10;PAGA
002081;10185;2026-02-05;2026-02-20;2924.62;PAGA
002082;10185;2026-03-05;2026-03-20;3012.52;PAGA
002083;10185;2026-04-05;2026-04-20;3043.69;PAGA
002084;10185;2026-05-05;2026-05-20;2931.16;PAGA
002085;10185;2026-06-05;2026-06-20;3030.36;PAGA
002086;10185;2026-07-05;2026-07-20;2893.82;PAGA
002087;10185;2026-08-05;2026-08-20;3031.43;PAGA
002088;10185;2026-09-05;2026-09-20;3040.37;EM ABERTO
002089;10186;2025-10-05;2025-10-20;6562.33;PAGA
002090;10187;2025-11-05;2025-11-20;6262.18;PAGA
002091;10186;2025-12-05;2025-12-20;6466.02;PAGA
002092;10187;2026-01-05;2026-01-20;6439.72;PAGA
002093;10186;2026-02-05;2026-02-20;6336.99;PAGA
002094;10187;2026-03-05;2026-03-20;6315.33;PAGA
002095;10186;2026-04-05;2026-04-20;6430.95;PAGA
002096;10187;2026-05-05;2026-05-20;6409.93;PAGA
002097;10186;2026-06-05;2026-06-20;6392.72;PAGA
002098;10187;2026-07-05;2026-07-20;6237.10;PAGA
002099;10186;2026-08-05;2026-08-20;6302.14;PAGA
002100;10187;2026-09-05;2026-09-20;6570.37;ATRASADA
002101;10188;2025-10-05;2025-10-20;6326.27;PAGA
002102;10188;2025-11-05;2025-11-20;6161.12;PAGA
002103;10188;2025-12-05;2025-12-20;6122.71;PAGA
002104;10188;2026-01-05;2026-01-20;6315.95;PAGA
002105;10188;2026-02-05;2026-02-20;6205.04;PAGA
002106;10188;2026-03-05;2026-03-20;6145.53;PAGA
002107;10188;2026-04-05;2026-04-20;6128.96;PAGA
002108;10188;2026-05-05;2026-05-20;6278.83;PAGA
002109;10188;2026-06-05;2026-06-20;6214.22;PAGA
002110;10188;2026-07-05;2026-07-20;6130.31;PAGA
002111;10188;2026-08-05;2026-08-20;6037.61;PAGA
002112;10188;2026-09-05;2026-09-20;6057.08;EM ABERTO
002113;10189;2025-10-05;2025-10-20;4007.44;PAGA
002114;10189;2025-11-05;2025-11-20;3996.81;PAGA
002115;10189;2025-12-05;2025-12-20;4186.35;PAGA
002116;10189;2026-01-05;2026-01-20;4188.12;PAGA
002117;10189;2026-02-05;2026-02-20;4092.29;PAGA
002118;10189;2026-03-05;2026-03-20;4188.76;PAGA
002119;10189;2026-04-05;2026-04-20;4015.42;PAGA
002120;10189;2026-05-05;2026-05-20;4204.70;PAGA
002121;10189;2026-06-05;2026-06-20;4067.72;PAGA
002122;10189;2026-07-05;2026-07-20;4026.04;PAGA
002123;10189;2026-08-05;2026-08-20;4177.51;PAGA
002124;10189;2026-09-05;2026-09-20;4071.03;EM ABERTO
002125;10190;2025-10-05;2025-10-20;7002.90;PAGA
002126;10190;2025-11-05;2025-11-20;7214.84;PAGA
002127;10190;2025-12-05;2025-12-20;7201.61;PAGA
002128;10190;2026-01-05;2026-01-20;6991.90;PAGA
002129;10190;2026-02-05;2026-02-20;7356.95;PAGA
002130;10190;2026-03-05;2026-03-20;7160.06;PAGA
002131;10190;2026-04-05;2026-04-20;7162.11;PAGA
002132;10190;2026-05-05;2026-05-20;7228.48;PAGA
002133;10190;2026-06-05;2026-06-20;7203.49;PAGA
002134;10190;2026-07-05;2026-07-20;7142.73;PAGA
002135;10190;2026-08-05;2026-08-20;6970.38;PAGA
002136;10190;2026-09-05;2026-09-20;7064.04;EM ABERTO
002137;10191;2025-10-05;2025-10-20;2896.33;PAGA
002138;10191;2025-11-05;2025-11-20;2793.69;PAGA
002139;10191;2025-12-05;2025-12-20;2890.10;PAGA
002140;10191;2026-01-05;2026-01-20;2795.24;PAGA
002141;10191;2026-02-05;2026-02-20;2836.13;PAGA
002142;10191;2026-03-05;2026-03-20;2804.10;PAGA
002143;10191;2026-04-05;2026-04-20;2843.49;PAGA
002144;10191;2026-05-05;2026-05-20;2893.42;PAGA
002145;10191;2026-06-05;2026-06-20;2849.28;PAGA
002146;10191;2026-07-05;2026-07-20;2861.07;PAGA
002147;10191;2026-08-05;2026-08-20;2804.80;PAGA
002148;10191;2026-09-05;2026-09-20;2853.86;EM ABERTO
002149;10192;2025-10-05;2025-10-20;1160.62;PAGA
002150;10192;2025-11-05;2025-11-20;1204.78;PAGA
002151;10192;2025-12-05;2025-12-20;1186.58;PAGA
002152;10192;2026-01-05;2026-01-20;1191.35;PAGA
002153;10192;2026-02-05;2026-02-20;1219.56;PAGA
002154;10192;2026-03-05;2026-03-20;1211.62;PAGA
002155;10192;2026-04-05;2026-04-20;1205.06;PAGA
002156;10192;2026-05-05;2026-05-20;1168.69;PAGA
002157;10192;2026-06-05;2026-06-20;1157.58;PAGA
002158;10192;2026-07-05;2026-07-20;1193.89;PAGA
002159;10192;2026-08-05;2026-08-20;1209.12;PAGA
002160;10192;2026-09-05;2026-09-20;1224.57;EM ABERTO
002161;10193;2025-10-05;2025-10-20;7005.82;PAGA
002162;10193;2025-11-05;2025-11-20;7048.58;PAGA
002163;10193;2025-12-05;2025-12-20;7138.15;PAGA
002164;10193;2026-01-05;2026-01-20;7300.97;PAGA
002165;10193;2026-02-05;2026-02-20;7286.11;PAGA
002166;10193;2026-03-05;2026-03-20;7008.19;PAGA
002167;10193;2026-04-05;2026-04-20;7308.30;PAGA
002168;10193;2026-05-05;2026-05-20;7255.77;PAGA
002169;10193;2026-06-05;2026-06-20;7081.90;PAGA
002170;10193;2026-07-05;2026-07-20;7320.49;PAGA
002171;10193;2026-08-05;2026-08-20;7171.64;PAGA
002172;10193;2026-09-05;2026-09-20;7313.33;ATRASADA
002173;10194;2025-10-05;2025-10-20;2325.76;PAGA
002174;10194;2025-11-05;2025-11-20;2403.52;PAGA
002175;10194;2025-12-05;2025-12-20;2439.77;PAGA
002176;10194;2026-01-05;2026-01-20;2332.52;PAGA
002177;10194;2026-02-05;2026-02-20;2404.15;PAGA
002178;10194;2026-03-05;2026-03-20;2421.87;PAGA
002179;10194;2026-04-05;2026-04-20;2375.52;PAGA
002180;10194;2026-05-05;2026-05-20;2407.88;PAGA
002181;10194;2026-06-05;2026-06-20;2392.85;PAGA
002182;10194;2026-07-05;2026-07-20;2365.12;PAGA
002183;10194;2026-08-05;2026-08-20;2364.38;PAGA
002184;10194;2026-09-05;2026-09-20;2326.39;EM ABERTO
002185;10195;2025-10-05;2025-10-20;5824.33;PAGA
002186;10195;2025-11-05;2025-11-20;6033.76;PAGA
002187;10195;2025-12-05;2025-12-20;5997.36;PAGA
002188;10195;2026-01-05;2026-01-20;6021.47;PAGA
002189;10195;2026-02-05;2026-02-20;6012.96;PAGA
002190;10195;2026-03-05;2026-03-20;5962.08;PAGA
002191;10195;2026-04-05;2026-04-20;5837.30;PAGA
002192;10195;2026-05-05;2026-05-20;5882.02;PAGA
002193;10195;2026-06-05;2026-06-20;5825.56;PAGA
002194;10195;2026-07-05;2026-07-20;5995.80;PAGA
002195;10195;2026-08-05;2026-08-20;5759.36;PAGA
002196;10195;2026-09-05;2026-09-20;5806.72;EM ABERTO
002197;10196;2025-10-05;2025-10-20;8747.74;PAGA
002198;10197;2025-11-05;2025-11-20;8927.99;PAGA
002199;10196;2025-12-05;2025-12-20;8737.64;PAGA
002200;10197;2026-01-05;2026-01-20;8882.78;PAGA
002201;10196;2026-02-05;2026-02-20;8605.91;PAGA
002202;10197;2026-03-05;2026-03-20;8753.79;PAGA
002203;10196;2026-04-05;2026-04-20;8840.53;PAGA
002204;10197;2026-05-05;2026-05-20;8813.45;PAGA
002205;10196;2026-06-05;2026-06-20;8826.75;PAGA
002206;10197;2026-07-05;2026-07-20;8983.67;PAGA
002207;10196;2026-08-05;2026-08-20;8657.32;PAGA
002208;10197;2026-09-05;2026-09-20;8966.24;EM ABERTO
002209;10198;2025-10-05;2025-10-20;6398.72;PAGA
002210;10198;2025-11-05;2025-11-20;6189.68;PAGA
002211;10198;2025-12-05;2025-12-20;6526.91;PAGA
002212;10198;2026-01-05;2026-01-20;6545.76;PAGA
002213;10198;2026-02-05;2026-02-20;6230.85;PAGA
002214;10198;2026-03-05;2026-03-20;6326.49;PAGA
002215;10198;2026-04-05;2026-04-20;6338.85;PAGA
002216;10198;2026-05-05;2026-05-20;6354.41;PAGA
002217;10198;2026-06-05;2026-06-20;6273.14;PAGA
002218;10198;2026-07-05;2026-07-20;6445.15;PAGA
002219;10198;2026-08-05;2026-08-20;6486.35;PAGA
002220;10198;2026-09-05;2026-09-20;6434.34;EM ABERTO
002221;10199;2025-10-05;2025-10-20;2601.70;PAGA
002222;10199;2025-11-05;2025-11-20;2532.99;PAGA
002223;10199;2025-12-05;2025-12-20;2556.22;PAGA
002224;10199;2026-01-05;2026-01-20;2563.75;PAGA
002225;10199;2026-02-05;2026-02-20;2552.70;PAGA
002226;10199;2026-03-05;2026-03-20;2484.86;PAGA
002227;10199;2026-04-05;2026-04-20;2581.04;PAGA
002228;10199;2026-05-05;2026-05-20;2522.19;PAGA
002229;10199;2026-06-05;2026-06-20;2597.26;PAGA
002230;10199;2026-07-05;2026-07-20;2490.94;PAGA
002231;10199;2026-08-05;2026-08-20;2536.97;PAGA
002232;10199;2026-09-05;2026-09-20;2622.14;EM ABERTO
002233;10200;2025-10-05;2025-10-20;4282.39;PAGA
002234;10200;2025-11-05;2025-11-20;4190.97;PAGA
002235;10200;2025-12-05;2025-12-20;4097.54;PAGA
002236;10200;2026-01-05;2026-01-20;4111.33;PAGA
002237;10200;2026-02-05;2026-02-20;4104.73;PAGA
002238;10200;2026-03-05;2026-03-20;4125.78;PAGA
002239;10200;2026-04-05;2026-04-20;4135.30;PAGA
002240;10200;2026-05-05;2026-05-20;4244.23;PAGA
002241;10200;2026-06-05;2026-06-20;4321.92;PAGA
002242;10200;2026-07-05;2026-07-20;4188.15;PAGA
002243;10200;2026-08-05;2026-08-20;4143.49;PAGA
002244;10200;2026-09-05;2026-09-20;4279.21;EM ABERTO
002245;10201;2025-10-05;2025-10-20;2839.25;PAGA
002246;10201;2025-11-05;2025-11-20;2749.83;PAGA
002247;10201;2025-12-05;2025-12-20;2887.95;PAGA
002248;10201;2026-01-05;2026-01-20;2868.73;PAGA
002249;10201;2026-02-05;2026-02-20;2753.85;PAGA
002250;10201;2026-03-05;2026-03-20;2791.76;PAGA
002251;10201;2026-04-05;2026-04-20;2744.34;PAGA
002252;10201;2026-05-05;2026-05-20;2794.45;PAGA
002253;10201;2026-06-05;2026-06-20;2799.87;PAGA
002254;10201;2026-07-05;2026-07-20;2797.27;PAGA
002255;10201;2026-08-05;2026-08-20;2897.46;PAGA
002256;10201;2026-09-05;2026-09-20;2806.34;ATRASADA
002257;10202;2025-10-05;2025-10-20;6337.46;PAGA
002258;10202;2025-11-05;2025-11-20;6281.42;PAGA
002259;10202;2025-12-05;2025-12-20;6313.05;PAGA
002260;10202;2026-01-05;2026-01-20;6502.12;PAGA
002261;10202;2026-02-05;2026-02-20;6249.12;PAGA
002262;10202;2026-03-05;2026-03-20;6538.31;PAGA
002263;10202;2026-04-05;2026-04-20;6486.97;PAGA
002264;10202;2026-05-05;2026-05-20;6227.14;PAGA
002265;10202;2026-06-05;2026-06-20;6241.63;PAGA
002266;10202;2026-07-05;2026-07-20;6476.42;PAGA
002267;10202;2026-08-05;2026-08-20;6455.99;PAGA
002268;10202;2026-09-05;2026-09-20;6317.92;EM ABERTO
002269;10203;2025-10-05;2025-10-20;5277.64;PAGA
002270;10203;2025-11-05;2025-11-20;5186.30;PAGA
002271;10203;2025-12-05;2025-12-20;5371.52;PAGA
002272;10203;2026-01-05;2026-01-20;5271.36;PAGA
002273;10203;2026-02-05;2026-02-20;5189.98;PAGA
002274;10203;2026-03-05;2026-03-20;5352.57;PAGA
002275;10203;2026-04-05;2026-04-20;5327.97;PAGA
002276;10203;2026-05-05;2026-05-20;5266.51;PAGA
002277;10203;2026-06-05;2026-06-20;5369.89;PAGA
002278;10203;2026-07-05;2026-07-20;5234.33;PAGA
002279;10203;2026-08-05;2026-08-20;5362.01;PAGA
002280;10203;2026-09-05;2026-09-20;5229.04;EM ABERTO
002281;10204;2025-10-05;2025-10-20;4443.21;PAGA
002282;10204;2025-11-05;2025-11-20;4313.25;PAGA
002283;10204;2025-12-05;2025-12-20;4539.53;PAGA
002284;10204;2026-01-05;2026-01-20;4468.84;PAGA
002285;10204;2026-02-05;2026-02-20;4314.43;PAGA
002286;10204;2026-03-05;2026-03-20;4481.14;PAGA
002287;10204;2026-04-05;2026-04-20;4419.62;PAGA
002288;10204;2026-05-05;2026-05-20;4553.54;PAGA
002289;10204;2026-06-05;2026-06-20;4318.16;PAGA
002290;10204;2026-07-05;2026-07-20;4416.23;PAGA
002291;10204;2026-08-05;2026-08-20;4426.81;PAGA
002292;10204;2026-09-05;2026-09-20;4354.98;EM ABERTO
002293;10205;2025-10-05;2025-10-20;4887.16;PAGA
002294;10205;2025-11-05;2025-11-20;5044.64;PAGA
002295;10205;2025-12-05;2025-12-20;5157.87;PAGA
002296;10205;2026-01-05;2026-01-20;5101.42;PAGA
002297;10205;2026-02-05;2026-02-20;4956.95;PAGA
002298;10205;2026-03-05;2026-03-20;5156.94;PAGA
002299;10205;2026-04-05;2026-04-20;4990.00;PAGA
002300;10205;2026-05-05;2026-05-20;5143.93;PAGA
002301;10205;2026-06-05;2026-06-20;5021.49;PAGA
002302;10205;2026-07-05;2026-07-20;4931.93;PAGA
002303;10205;2026-08-05;2026-08-20;5147.91;PAGA
002304;10205;2026-09-05;2026-09-20;4983.18;ATRASADA
002305;10206;2025-10-05;2025-10-20;3199.13;PAGA
002306;10206;2025-11-05;2025-11-20;3156.00;PAGA
002307;10206;2025-12-05;2025-12-20;3166.88;PAGA
002308;10206;2026-01-05;2026-01-20;3165.15;PAGA
002309;10206;2026-02-05;2026-02-20;3203.30;PAGA
002310;10206;2026-03-05;2026-03-20;3279.96;PAGA
002311;10206;2026-04-05;2026-04-20;3142.84;PAGA
002312;10206;2026-05-05;2026-05-20;3209.51;PAGA
002313;10206;2026-06-05;2026-06-20;3328.84;PAGA
002314;10206;2026-07-05;2026-07-20;3311.82;PAGA
002315;10206;2026-08-05;2026-08-20;3304.15;PAGA
002316;10206;2026-09-05;2026-09-20;3212.00;ATRASADA
002317;10207;2025-10-05;2025-10-20;6456.01;PAGA
002318;10207;2025-11-05;2025-11-20;6613.10;PAGA
002319;10207;2025-12-05;2025-12-20;6529.41;PAGA
002320;10207;2026-01-05;2026-01-20;6576.18;PAGA
002321;10207;2026-02-05;2026-02-20;6795.76;PAGA
002322;10207;2026-03-05;2026-03-20;6607.21;PAGA
002323;10207;2026-04-05;2026-04-20;6641.66;PAGA
002324;10207;2026-05-05;2026-05-20;6414.64;PAGA
002325;10207;2026-06-05;2026-06-20;6525.87;PAGA
002326;10207;2026-07-05;2026-07-20;6803.27;PAGA
002327;10207;2026-08-05;2026-08-20;6652.42;PAGA
002328;10207;2026-09-05;2026-09-20;6549.25;EM ABERTO
002329;10208;2025-10-05;2025-10-20;5703.68;PAGA
002330;10208;2025-11-05;2025-11-20;5482.59;PAGA
002331;10208;2025-12-05;2025-12-20;5471.86;PAGA
002332;10208;2026-01-05;2026-01-20;5604.87;PAGA
002333;10208;2026-02-05;2026-02-20;5625.27;PAGA
002334;10208;2026-03-05;2026-03-20;5610.77;PAGA
002335;10208;2026-04-05;2026-04-20;5464.38;PAGA
002336;10208;2026-05-05;2026-05-20;5703.32;PAGA
002337;10208;2026-06-05;2026-06-20;5617.36;PAGA
002338;10208;2026-07-05;2026-07-20;5589.46;PAGA
002339;10208;2026-08-05;2026-08-20;5647.01;PAGA
002340;10208;2026-09-05;2026-09-20;5653.29;EM ABERTO
002341;10209;2025-10-05;2025-10-20;1078.18;PAGA
002342;10209;2025-11-05;2025-11-20;1050.46;PAGA
002343;10209;2025-12-05;2025-12-20;1071.33;PAGA
002344;10209;2026-01-05;2026-01-20;1022.45;PAGA
002345;10209;2026-02-05;2026-02-20;1043.11;PAGA
002346;10209;2026-03-05;2026-03-20;1068.45;PAGA
002347;10209;2026-04-05;2026-04-20;1039.34;PAGA
002348;10209;2026-05-05;2026-05-20;1020.53;PAGA
002349;10209;2026-06-05;2026-06-20;1047.67;PAGA
002350;10209;2026-07-05;2026-07-20;1078.39;PAGA
002351;10209;2026-08-05;2026-08-20;1066.43;PAGA
002352;10209;2026-09-05;2026-09-20;1034.53;EM ABERTO
002353;10210;2025-10-05;2025-10-20;4721.51;PAGA
002354;10210;2025-11-05;2025-11-20;4643.39;PAGA
002355;10210;2025-12-05;2025-12-20;4875.52;PAGA
002356;10210;2026-01-05;2026-01-20;4694.57;PAGA
002357;10210;2026-02-05;2026-02-20;4662.73;PAGA
002358;10210;2026-03-05;2026-03-20;4687.98;PAGA
002359;10210;2026-04-05;2026-04-20;4763.51;PAGA
002360;10210;2026-05-05;2026-05-20;4641.11;PAGA
002361;10210;2026-06-05;2026-06-20;4714.16;PAGA
002362;10210;2026-07-05;2026-07-20;4821.08;PAGA
002363;10210;2026-08-05;2026-08-20;4704.14;PAGA
002364;10210;2026-09-05;2026-09-20;4778.44;EM ABERTO
002365;10211;2025-10-05;2025-10-20;7532.99;PAGA
002366;10211;2025-11-05;2025-11-20;7661.59;PAGA
002367;10211;2025-12-05;2025-12-20;7791.46;PAGA
002368;10211;2026-01-05;2026-01-20;7808.82;PAGA
002369;10211;2026-02-05;2026-02-20;7627.86;PAGA
002370;10211;2026-03-05;2026-03-20;7591.28;PAGA
002371;10211;2026-04-05;2026-04-20;7752.94;PAGA
002372;10211;2026-05-05;2026-05-20;7704.02;PAGA
002373;10211;2026-06-05;2026-06-20;7684.56;PAGA
002374;10211;2026-07-05;2026-07-20;7796.51;PAGA
002375;10211;2026-08-05;2026-08-20;7669.95;PAGA
002376;10211;2026-09-05;2026-09-20;7592.35;EM ABERTO
002377;10212;2025-10-05;2025-10-20;5532.62;PAGA
002378;10212;2025-11-05;2025-11-20;5524.91;PAGA
002379;10212;2025-12-05;2025-12-20;5597.92;PAGA
002380;10212;2026-01-05;2026-01-20;5407.95;PAGA
002381;10212;2026-02-05;2026-02-20;5708.29;PAGA
002382;10212;2026-03-05;2026-03-20;5526.16;PAGA
002383;10212;2026-04-05;2026-04-20;5482.71;PAGA
002384;10212;2026-05-05;2026-05-20;5460.38;PAGA
002385;10212;2026-06-05;2026-06-20;5429.83;PAGA
002386;10212;2026-07-05;2026-07-20;5529.29;PAGA
002387;10212;2026-08-05;2026-08-20;5494.37;PAGA
002388;10212;2026-09-05;2026-09-20;5609.01;EM ABERTO
002389;10213;2025-10-05;2025-10-20;4441.61;PAGA
002390;10213;2025-11-05;2025-11-20;4528.99;PAGA
002391;10213;2025-12-05;2025-12-20;4375.49;PAGA
002392;10213;2026-01-05;2026-01-20;4408.54;PAGA
002393;10213;2026-02-05;2026-02-20;4493.80;PAGA
002394;10213;2026-03-05;2026-03-20;4409.18;PAGA
002395;10213;2026-04-05;2026-04-20;4455.77;PAGA
002396;10213;2026-05-05;2026-05-20;4587.10;PAGA
002397;10213;2026-06-05;2026-06-20;4375.79;PAGA
002398;10213;2026-07-05;2026-07-20;4580.16;PAGA
002399;10213;2026-08-05;2026-08-20;4503.46;PAGA
002400;10213;2026-09-05;2026-09-20;4593.20;ATRASADA
002401;10214;2025-10-05;2025-10-20;7383.07;PAGA
002402;10214;2025-11-05;2025-11-20;7750.82;PAGA
002403;10214;2025-12-05;2025-12-20;7540.21;PAGA
002404;10214;2026-01-05;2026-01-20;7494.53;PAGA
002405;10214;2026-02-05;2026-02-20;7462.35;PAGA
002406;10214;2026-03-05;2026-03-20;7654.37;PAGA
002407;10214;2026-04-05;2026-04-20;7733.66;PAGA
002408;10214;2026-05-05;2026-05-20;7364.37;PAGA
002409;10214;2026-06-05;2026-06-20;7318.94;PAGA
002410;10214;2026-07-05;2026-07-20;7431.37;PAGA
002411;10214;2026-08-05;2026-08-20;7707.08;PAGA
002412;10214;2026-09-05;2026-09-20;7415.55;EM ABERTO
002413;10215;2025-10-05;2025-10-20;7546.86;PAGA
002414;10215;2025-11-05;2025-11-20;7477.79;PAGA
002415;10215;2025-12-05;2025-12-20;7477.12;PAGA
002416;10215;2026-01-05;2026-01-20;7730.05;PAGA
002417;10215;2026-02-05;2026-02-20;7537.88;PAGA
002418;10215;2026-03-05;2026-03-20;7627.10;PAGA
002419;10215;2026-04-05;2026-04-20;7614.54;PAGA
002420;10215;2026-05-05;2026-05-20;7829.14;PAGA
002421;10215;2026-06-05;2026-06-20;7459.22;PAGA
002422;10215;2026-07-05;2026-07-20;7517.14;PAGA
002423;10215;2026-08-05;2026-08-20;7469.45;PAGA
002424;10215;2026-09-05;2026-09-20;7677.53;EM ABERTO
002425;10216;2025-10-05;2025-10-20;9046.16;PAGA
002426;10216;2025-11-05;2025-11-20;9083.43;PAGA
002427;10216;2025-12-05;2025-12-20;8927.01;PAGA
002428;10216;2026-01-05;2026-01-20;8643.79;PAGA
002429;10216;2026-02-05;2026-02-20;8873.30;PAGA
002430;10216;2026-03-05;2026-03-20;8731.87;PAGA
002431;10216;2026-04-05;2026-04-20;8874.77;PAGA
002432;10216;2026-05-05;2026-05-20;8712.71;PAGA
002433;10216;2026-06-05;2026-06-20;8846.90;PAGA
002434;10216;2026-07-05;2026-07-20;8884.52;PAGA
002435;10216;2026-08-05;2026-08-20;8698.81;PAGA
002436;10216;2026-09-05;2026-09-20;8791.89;EM ABERTO
002437;10217;2025-10-05;2025-10-20;4981.22;PAGA
002438;10217;2025-11-05;2025-11-20;5229.10;PAGA
002439;10217;2025-12-05;2025-12-20;5002.92;PAGA
002440;10217;2026-01-05;2026-01-20;5128.53;PAGA
002441;10217;2026-02-05;2026-02-20;5047.59;PAGA
002442;10217;2026-03-05;2026-03-20;5198.74;PAGA
002443;10217;2026-04-05;2026-04-20;5154.02;PAGA
002444;10217;2026-05-05;2026-05-20;5127.41;PAGA
002445;10217;2026-06-05;2026-06-20;5109.02;PAGA
002446;10217;2026-07-05;2026-07-20;4979.13;PAGA
002447;10217;2026-08-05;2026-08-20;4995.08;PAGA
002448;10217;2026-09-05;2026-09-20;5259.92;EM ABERTO
002449;10218;2025-10-05;2025-10-20;6832.95;PAGA
002450;10218;2025-11-05;2025-11-20;6943.52;PAGA
002451;10218;2025-12-05;2025-12-20;6774.60;PAGA
002452;10218;2026-01-05;2026-01-20;6822.33;PAGA
002453;10218;2026-02-05;2026-02-20;6965.46;PAGA
002454;10218;2026-03-05;2026-03-20;6883.42;PAGA
002455;10218;2026-04-05;2026-04-20;6939.23;PAGA
002456;10218;2026-05-05;2026-05-20;7026.41;PAGA
002457;10218;2026-06-05;2026-06-20;6958.94;PAGA
002458;10218;2026-07-05;2026-07-20;6855.22;PAGA
002459;10218;2026-08-05;2026-08-20;6799.87;ATRASADA
002460;10218;2026-09-05;2026-09-20;6760.79;ATRASADA
002461;10219;2025-10-05;2025-10-20;3826.13;PAGA
002462;10219;2025-11-05;2025-11-20;3759.16;PAGA
002463;10219;2025-12-05;2025-12-20;3818.30;PAGA
002464;10219;2026-01-05;2026-01-20;3660.91;PAGA
002465;10219;2026-02-05;2026-02-20;3685.55;PAGA
002466;10219;2026-03-05;2026-03-20;3637.85;PAGA
002467;10219;2026-04-05;2026-04-20;3671.60;PAGA
002468;10219;2026-05-05;2026-05-20;3822.60;PAGA
002469;10219;2026-06-05;2026-06-20;3654.39;PAGA
002470;10219;2026-07-05;2026-07-20;3614.62;PAGA
002471;10219;2026-08-05;2026-08-20;3626.39;PAGA
002472;10219;2026-09-05;2026-09-20;3747.97;EM ABERTO
002473;10220;2025-10-05;2025-10-20;2040.31;PAGA
002474;10220;2025-11-05;2025-11-20;2068.78;PAGA
002475;10220;2025-12-05;2025-12-20;2050.63;PAGA
002476;10220;2026-01-05;2026-01-20;2036.94;PAGA
002477;10220;2026-02-05;2026-02-20;2110.71;PAGA
002478;10220;2026-03-05;2026-03-20;2054.03;PAGA
002479;10220;2026-04-05;2026-04-20;2025.81;PAGA
002480;10220;2026-05-05;2026-05-20;2034.24;PAGA
002481;10220;2026-06-05;2026-06-20;2089.40;PAGA
002482;10220;2026-07-05;2026-07-20;2085.24;PAGA
002483;10220;2026-08-05;2026-08-20;2102.76;PAGA
002484;10220;2026-09-05;2026-09-20;2085.02;EM ABERTO
002485;10221;2025-10-05;2025-10-20;2193.70;PAGA
002486;10221;2025-11-05;2025-11-20;2079.52;PAGA
002487;10221;2025-12-05;2025-12-20;2174.27;PAGA
002488;10221;2026-01-05;2026-01-20;2157.47;PAGA
002489;10221;2026-02-05;2026-02-20;2146.18;PAGA
002490;10221;2026-03-05;2026-03-20;2102.67;PAGA
002491;10221;2026-04-05;2026-04-20;2147.37;PAGA
002492;10221;2026-05-05;2026-05-20;2083.28;PAGA
002493;10221;2026-06-05;2026-06-20;2143.68;PAGA
002494;10221;2026-07-05;2026-07-20;2159.75;PAGA
002495;10221;2026-08-05;2026-08-20;2134.31;ATRASADA
002496;10221;2026-09-05;2026-09-20;2103.14;ATRASADA
002497;10222;2025-10-05;2025-10-20;4071.64;PAGA
002498;10222;2025-11-05;2025-11-20;3887.57;PAGA
002499;10222;2025-12-05;2025-12-20;4048.24;PAGA
002500;10222;2026-01-05;2026-01-20;3947.15;PAGA
002501;10222;2026-02-05;2026-02-20;3911.21;PAGA
002502;10222;2026-03-05;2026-03-20;3893.68;PAGA
002503;10222;2026-04-05;2026-04-20;4027.05;PAGA
002504;10222;2026-05-05;2026-05-20;3878.57;PAGA
002505;10222;2026-06-05;2026-06-20;3877.97;PAGA
002506;10222;2026-07-05;2026-07-20;3933.95;PAGA
002507;10222;2026-08-05;2026-08-20;4029.93;PAGA
002508;10222;2026-09-05;2026-09-20;3902.11;EM ABERTO
002509;10223;2025-10-05;2025-10-20;3662.01;PAGA
002510;10223;2025-11-05;2025-11-20;3723.25;PAGA
002511;10223;2025-12-05;2025-12-20;3824.04;PAGA
002512;10223;2026-01-05;2026-01-20;3795.27;PAGA
002513;10223;2026-02-05;2026-02-20;3854.58;PAGA
002514;10223;2026-03-05;2026-03-20;3689.43;PAGA
002515;10223;2026-04-05;2026-04-20;3858.07;PAGA
002516;10223;2026-05-05;2026-05-20;3806.09;PAGA
002517;10223;2026-06-05;2026-06-20;3756.97;PAGA
002518;10223;2026-07-05;2026-07-20;3779.46;PAGA
002519;10223;2026-08-05;2026-08-20;3714.27;PAGA
002520;10223;2026-09-05;2026-09-20;3721.63;EM ABERTO
002521;10224;2025-10-05;2025-10-20;5311.53;PAGA
002522;10224;2025-11-05;2025-11-20;5250.16;PAGA
002523;10224;2025-12-05;2025-12-20;5150.00;PAGA
002524;10224;2026-01-05;2026-01-20;5092.63;PAGA
002525;10224;2026-02-05;2026-02-20;5300.41;PAGA
002526;10224;2026-03-05;2026-03-20;5263.04;PAGA
002527;10224;2026-04-05;2026-04-20;5179.76;PAGA
002528;10224;2026-05-05;2026-05-20;5287.09;PAGA
002529;10224;2026-06-05;2026-06-20;5163.46;PAGA
002530;10224;2026-07-05;2026-07-20;5151.06;PAGA
002531;10224;2026-08-05;2026-08-20;5276.22;PAGA
002532;10224;2026-09-05;2026-09-20;5223.97;EM ABERTO
002533;10225;2025-10-05;2025-10-20;2956.91;PAGA
002534;10225;2025-11-05;2025-11-20;2900.24;PAGA
002535;10225;2025-12-05;2025-12-20;2857.09;PAGA
002536;10225;2026-01-05;2026-01-20;2853.37;PAGA
002537;10225;2026-02-05;2026-02-20;2843.21;PAGA
002538;10225;2026-03-05;2026-03-20;2963.35;PAGA
002539;10225;2026-04-05;2026-04-20;2843.80;PAGA
002540;10225;2026-05-05;2026-05-20;2930.85;PAGA
002541;10225;2026-06-05;2026-06-20;2929.09;PAGA
002542;10225;2026-07-05;2026-07-20;2928.24;PAGA
002543;10225;2026-08-05;2026-08-20;2918.35;PAGA
002544;10225;2026-09-05;2026-09-20;2894.52;EM ABERTO
002545;10226;2025-10-05;2025-10-20;3857.59;PAGA
002546;10226;2025-11-05;2025-11-20;3814.21;PAGA
002547;10226;2025-12-05;2025-12-20;3718.41;PAGA
002548;10226;2026-01-05;2026-01-20;3842.73;PAGA
002549;10226;2026-02-05;2026-02-20;3695.82;PAGA
002550;10226;2026-03-05;2026-03-20;3839.53;PAGA
002551;10226;2026-04-05;2026-04-20;3689.25;PAGA
002552;10226;2026-05-05;2026-05-20;3885.43;PAGA
002553;10226;2026-06-05;2026-06-20;3808.65;PAGA
002554;10226;2026-07-05;2026-07-20;3779.49;PAGA
002555;10226;2026-08-05;2026-08-20;3732.45;PAGA
002556;10226;2026-09-05;2026-09-20;3808.84;EM ABERTO
002557;10227;2025-10-05;2025-10-20;7328.18;PAGA
002558;10227;2025-11-05;2025-11-20;7327.50;PAGA
002559;10227;2025-12-05;2025-12-20;7246.33;PAGA
002560;10227;2026-01-05;2026-01-20;7231.68;PAGA
002561;10227;2026-02-05;2026-02-20;7036.14;PAGA
002562;10227;2026-03-05;2026-03-20;6973.88;PAGA
002563;10227;2026-04-05;2026-04-20;7368.40;PAGA
002564;10227;2026-05-05;2026-05-20;7138.27;PAGA
002565;10227;2026-06-05;2026-06-20;7278.09;PAGA
002566;10227;2026-07-05;2026-07-20;7092.73;PAGA
002567;10227;2026-08-05;2026-08-20;7159.78;PAGA
002568;10227;2026-09-05;2026-09-20;7369.16;ATRASADA
002569;10228;2025-10-05;2025-10-20;1235.43;PAGA
002570;10228;2025-11-05;2025-11-20;1164.17;PAGA
002571;10228;2025-12-05;2025-12-20;1201.97;PAGA
002572;10228;2026-01-05;2026-01-20;1182.34;PAGA
002573;10228;2026-02-05;2026-02-20;1170.54;PAGA
002574;10228;2026-03-05;2026-03-20;1207.03;PAGA
002575;10228;2026-04-05;2026-04-20;1166.60;PAGA
002576;10228;2026-05-05;2026-05-20;1171.71;PAGA
002577;10228;2026-06-05;2026-06-20;1199.01;PAGA
002578;10228;2026-07-05;2026-07-20;1194.47;PAGA
002579;10228;2026-08-05;2026-08-20;1172.55;PAGA
002580;10228;2026-09-05;2026-09-20;1213.34;EM ABERTO
002581;10229;2025-10-05;2025-10-20;3236.42;PAGA
002582;10229;2025-11-05;2025-11-20;3175.77;PAGA
002583;10229;2025-12-05;2025-12-20;3231.01;PAGA
002584;10229;2026-01-05;2026-01-20;3238.56;PAGA
002585;10229;2026-02-05;2026-02-20;3146.99;PAGA
002586;10229;2026-03-05;2026-03-20;3145.11;PAGA
002587;10229;2026-04-05;2026-04-20;3212.20;PAGA
002588;10229;2026-05-05;2026-05-20;3161.18;PAGA
002589;10229;2026-06-05;2026-06-20;3197.39;PAGA
002590;10229;2026-07-05;2026-07-20;3193.85;ATRASADA
002591;10229;2026-08-05;2026-08-20;3160.18;ATRASADA
002592;10229;2026-09-05;2026-09-20;3182.73;ATRASADA
002593;10230;2025-10-05;2025-10-20;2477.58;PAGA
002594;10230;2025-11-05;2025-11-20;2589.29;PAGA
002595;10230;2025-12-05;2025-12-20;2446.22;PAGA
002596;10230;2026-01-05;2026-01-20;2543.78;PAGA
002597;10230;2026-02-05;2026-02-20;2523.58;PAGA
002598;10230;2026-03-05;2026-03-20;2509.58;PAGA
002599;10230;2026-04-05;2026-04-20;2553.64;PAGA
002600;10230;2026-05-05;2026-05-20;2570.59;PAGA
002601;10230;2026-06-05;2026-06-20;2591.66;PAGA
002602;10230;2026-07-05;2026-07-20;2534.13;PAGA
002603;10230;2026-08-05;2026-08-20;2530.69;PAGA
002604;10230;2026-09-05;2026-09-20;2495.70;EM ABERTO
002605;10231;2025-10-05;2025-10-20;5590.66;PAGA
002606;10231;2025-11-05;2025-11-20;5356.46;PAGA
002607;10231;2025-12-05;2025-12-20;5565.23;PAGA
002608;10231;2026-01-05;2026-01-20;5464.01;PAGA
002609;10231;2026-02-05;2026-02-20;5521.31;PAGA
002610;10231;2026-03-05;2026-03-20;5561.48;PAGA
002611;10231;2026-04-05;2026-04-20;5419.15;PAGA
002612;10231;2026-05-05;2026-05-20;5535.77;PAGA
002613;10231;2026-06-05;2026-06-20;5451.97;PAGA
002614;10231;2026-07-05;2026-07-20;5511.55;ATRASADA
002615;10231;2026-08-05;2026-08-20;5388.86;ATRASADA
002616;10231;2026-09-05;2026-09-20;5377.12;ATRASADA
002617;10232;2025-10-05;2025-10-20;5445.08;PAGA
002618;10232;2025-11-05;2025-11-20;5433.63;PAGA
002619;10232;2025-12-05;2025-12-20;5585.01;PAGA
002620;10232;2026-01-05;2026-01-20;5689.72;PAGA
002621;10232;2026-02-05;2026-02-20;5629.76;PAGA
002622;10232;2026-03-05;2026-03-20;5630.70;PAGA
002623;10232;2026-04-05;2026-04-20;5389.97;PAGA
002624;10232;2026-05-05;2026-05-20;5477.82;PAGA
002625;10232;2026-06-05;2026-06-20;5660.14;PAGA
002626;10232;2026-07-05;2026-07-20;5627.43;PAGA
002627;10232;2026-08-05;2026-08-20;5661.18;PAGA
002628;10232;2026-09-05;2026-09-20;5480.11;EM ABERTO
002629;10233;2025-10-05;2025-10-20;2179.40;PAGA
002630;10233;2025-11-05;2025-11-20;2108.35;PAGA
002631;10233;2025-12-05;2025-12-20;2099.26;PAGA
002632;10233;2026-01-05;2026-01-20;2095.19;PAGA
002633;10233;2026-02-05;2026-02-20;2145.40;PAGA
002634;10233;2026-03-05;2026-03-20;2102.54;PAGA
002635;10233;2026-04-05;2026-04-20;2084.86;PAGA
002636;10233;2026-05-05;2026-05-20;2122.91;PAGA
002637;10233;2026-06-05;2026-06-20;2149.70;PAGA
002638;10233;2026-07-05;2026-07-20;2138.19;PAGA
002639;10233;2026-08-05;2026-08-20;2174.30;PAGA
002640;10233;2026-09-05;2026-09-20;2189.66;EM ABERTO
002641;10234;2025-10-05;2025-10-20;2108.35;PAGA
002642;10234;2025-11-05;2025-11-20;2146.92;PAGA
002643;10234;2025-12-05;2025-12-20;2033.74;PAGA
002644;10234;2026-01-05;2026-01-20;2103.36;PAGA
002645;10234;2026-02-05;2026-02-20;2152.32;PAGA
002646;10234;2026-03-05;2026-03-20;2045.63;PAGA
002647;10234;2026-04-05;2026-04-20;2118.77;PAGA
002648;10234;2026-05-05;2026-05-20;2108.82;PAGA
002649;10234;2026-06-05;2026-06-20;2041.41;PAGA
002650;10234;2026-07-05;2026-07-20;2110.50;PAGA
002651;10234;2026-08-05;2026-08-20;2031.55;PAGA
002652;10234;2026-09-05;2026-09-20;2042.10;EM ABERTO
002653;10235;2025-10-05;2025-10-20;7602.30;PAGA
002654;10235;2025-11-05;2025-11-20;7703.54;PAGA
002655;10235;2025-12-05;2025-12-20;7466.17;PAGA
002656;10235;2026-01-05;2026-01-20;7436.60;PAGA
002657;10235;2026-02-05;2026-02-20;7447.38;PAGA
002658;10235;2026-03-05;2026-03-20;7479.52;PAGA
002659;10235;2026-04-05;2026-04-20;7655.50;PAGA
002660;10235;2026-05-05;2026-05-20;7625.21;PAGA
002661;10235;2026-06-05;2026-06-20;7434.68;PAGA
002662;10235;2026-07-05;2026-07-20;7802.43;PAGA
002663;10235;2026-08-05;2026-08-20;7423.69;PAGA
002664;10235;2026-09-05;2026-09-20;7721.63;EM ABERTO
002665;10236;2025-10-05;2025-10-20;1961.32;PAGA
002666;10236;2025-11-05;2025-11-20;2039.46;PAGA
002667;10236;2025-12-05;2025-12-20;1983.06;PAGA
002668;10236;2026-01-05;2026-01-20;1998.31;PAGA
002669;10236;2026-02-05;2026-02-20;2039.19;PAGA
002670;10236;2026-03-05;2026-03-20;2022.27;PAGA
002671;10236;2026-04-05;2026-04-20;2046.31;PAGA
002672;10236;2026-05-05;2026-05-20;2076.54;PAGA
002673;10236;2026-06-05;2026-06-20;2076.82;PAGA
002674;10236;2026-07-05;2026-07-20;2035.75;PAGA
002675;10236;2026-08-05;2026-08-20;1979.67;PAGA
002676;10236;2026-09-05;2026-09-20;2031.38;EM ABERTO
002677;10237;2025-10-05;2025-10-20;4878.20;PAGA
002678;10237;2025-11-05;2025-11-20;5048.93;PAGA
002679;10237;2025-12-05;2025-12-20;4826.96;PAGA
002680;10237;2026-01-05;2026-01-20;4793.19;PAGA
002681;10237;2026-02-05;2026-02-20;4814.75;PAGA
002682;10237;2026-03-05;2026-03-20;4881.42;PAGA
002683;10237;2026-04-05;2026-04-20;5065.14;PAGA
002684;10237;2026-05-05;2026-05-20;4918.84;PAGA
002685;10237;2026-06-05;2026-06-20;4852.02;PAGA
002686;10237;2026-07-05;2026-07-20;5071.00;PAGA
002687;10237;2026-08-05;2026-08-20;4806.30;PAGA
002688;10237;2026-09-05;2026-09-20;4926.76;EM ABERTO
002689;10238;2025-10-05;2025-10-20;4749.20;PAGA
002690;10238;2025-11-05;2025-11-20;4816.48;PAGA
002691;10238;2025-12-05;2025-12-20;4646.84;PAGA
002692;10238;2026-01-05;2026-01-20;4735.26;PAGA
002693;10238;2026-02-05;2026-02-20;4859.13;PAGA
002694;10238;2026-03-05;2026-03-20;4776.55;PAGA
002695;10238;2026-04-05;2026-04-20;4753.76;PAGA
002696;10238;2026-05-05;2026-05-20;4832.03;PAGA
002697;10238;2026-06-05;2026-06-20;4859.35;PAGA
002698;10238;2026-07-05;2026-07-20;4707.11;PAGA
002699;10238;2026-08-05;2026-08-20;4734.72;PAGA
002700;10238;2026-09-05;2026-09-20;4870.49;ATRASADA
002701;10239;2025-10-05;2025-10-20;8057.72;PAGA
002702;10239;2025-11-05;2025-11-20;8084.94;PAGA
002703;10239;2025-12-05;2025-12-20;8266.69;PAGA
002704;10239;2026-01-05;2026-01-20;8123.88;PAGA
002705;10239;2026-02-05;2026-02-20;7921.73;PAGA
002706;10239;2026-03-05;2026-03-20;8112.18;PAGA
002707;10239;2026-04-05;2026-04-20;7894.76;PAGA
002708;10239;2026-05-05;2026-05-20;8285.24;PAGA
002709;10239;2026-06-05;2026-06-20;7872.94;PAGA
002710;10239;2026-07-05;2026-07-20;8114.06;PAGA
002711;10239;2026-08-05;2026-08-20;7906.67;PAGA
002712;10239;2026-09-05;2026-09-20;8236.53;EM ABERTO
002713;10240;2025-10-05;2025-10-20;3477.19;PAGA
002714;10241;2025-11-05;2025-11-20;3588.59;PAGA
002715;10240;2025-12-05;2025-12-20;3414.68;PAGA
002716;10241;2026-01-05;2026-01-20;3535.87;PAGA
002717;10240;2026-02-05;2026-02-20;3567.59;PAGA
002718;10241;2026-03-05;2026-03-20;3426.64;PAGA
002719;10240;2026-04-05;2026-04-20;3488.88;PAGA
002720;10241;2026-05-05;2026-05-20;3438.81;PAGA
002721;10240;2026-06-05;2026-06-20;3459.16;PAGA
002722;10241;2026-07-05;2026-07-20;3587.02;PAGA
002723;10240;2026-08-05;2026-08-20;3577.99;PAGA
002724;10241;2026-09-05;2026-09-20;3451.83;ATRASADA
002725;10242;2025-10-05;2025-10-20;8081.74;PAGA
002726;10242;2025-11-05;2025-11-20;8243.55;PAGA
002727;10242;2025-12-05;2025-12-20;8270.68;PAGA
002728;10242;2026-01-05;2026-01-20;7946.66;PAGA
002729;10242;2026-02-05;2026-02-20;7915.16;PAGA
002730;10242;2026-03-05;2026-03-20;8113.70;PAGA
002731;10242;2026-04-05;2026-04-20;8023.97;PAGA
002732;10242;2026-05-05;2026-05-20;7862.47;PAGA
002733;10242;2026-06-05;2026-06-20;7962.32;PAGA
002734;10242;2026-07-05;2026-07-20;8168.08;PAGA
002735;10242;2026-08-05;2026-08-20;7896.07;PAGA
002736;10242;2026-09-05;2026-09-20;7874.06;EM ABERTO
002737;10243;2025-10-05;2025-10-20;2049.09;PAGA
002738;10243;2025-11-05;2025-11-20;2090.92;PAGA
002739;10243;2025-12-05;2025-12-20;2041.41;PAGA
002740;10243;2026-01-05;2026-01-20;2143.18;PAGA
002741;10243;2026-02-05;2026-02-20;2113.26;PAGA
002742;10243;2026-03-05;2026-03-20;2148.88;PAGA
002743;10243;2026-04-05;2026-04-20;2121.35;PAGA
002744;10243;2026-05-05;2026-05-20;2043.25;PAGA
002745;10243;2026-06-05;2026-06-20;2067.58;PAGA
002746;10243;2026-07-05;2026-07-20;2069.44;PAGA
002747;10243;2026-08-05;2026-08-20;2128.01;PAGA
002748;10243;2026-09-05;2026-09-20;2142.54;EM ABERTO
002749;10244;2025-10-05;2025-10-20;6190.49;PAGA
002750;10244;2025-11-05;2025-11-20;6183.30;PAGA
002751;10244;2025-12-05;2025-12-20;5951.00;PAGA
002752;10244;2026-01-05;2026-01-20;5909.01;PAGA
002753;10244;2026-02-05;2026-02-20;5943.17;PAGA
002754;10244;2026-03-05;2026-03-20;6183.16;PAGA
002755;10244;2026-04-05;2026-04-20;6143.17;PAGA
002756;10244;2026-05-05;2026-05-20;5938.53;PAGA
002757;10244;2026-06-05;2026-06-20;6187.45;PAGA
002758;10244;2026-07-05;2026-07-20;6175.77;PAGA
002759;10244;2026-08-05;2026-08-20;5902.26;PAGA
002760;10244;2026-09-05;2026-09-20;6042.00;EM ABERTO
002761;10245;2025-10-05;2025-10-20;8356.41;PAGA
002762;10245;2025-11-05;2025-11-20;8403.29;PAGA
002763;10245;2025-12-05;2025-12-20;8807.22;PAGA
002764;10245;2026-01-05;2026-01-20;8534.72;PAGA
002765;10245;2026-02-05;2026-02-20;8752.81;PAGA
002766;10245;2026-03-05;2026-03-20;8342.85;PAGA
002767;10245;2026-04-05;2026-04-20;8455.87;PAGA
002768;10245;2026-05-05;2026-05-20;8534.59;PAGA
002769;10245;2026-06-05;2026-06-20;8606.26;PAGA
002770;10245;2026-07-05;2026-07-20;8760.67;PAGA
002771;10245;2026-08-05;2026-08-20;8472.59;PAGA
002772;10245;2026-09-05;2026-09-20;8626.62;EM ABERTO
002773;10246;2025-10-05;2025-10-20;7450.12;PAGA
002774;10246;2025-11-05;2025-11-20;7513.55;PAGA
002775;10246;2025-12-05;2025-12-20;7460.90;PAGA
002776;10246;2026-01-05;2026-01-20;7671.59;PAGA
002777;10246;2026-02-05;2026-02-20;7497.10;PAGA
002778;10246;2026-03-05;2026-03-20;7285.66;PAGA
002779;10246;2026-04-05;2026-04-20;7553.64;PAGA
002780;10246;2026-05-05;2026-05-20;7689.55;PAGA
002781;10246;2026-06-05;2026-06-20;7654.32;PAGA
002782;10246;2026-07-05;2026-07-20;7504.20;PAGA
002783;10246;2026-08-05;2026-08-20;7624.31;PAGA
002784;10246;2026-09-05;2026-09-20;7383.30;EM ABERTO
002785;10247;2025-10-05;2025-10-20;7017.41;PAGA
002786;10248;2025-11-05;2025-11-20;6731.92;PAGA
002787;10247;2025-12-05;2025-12-20;6946.88;PAGA
002788;10248;2026-01-05;2026-01-20;6688.30;PAGA
002789;10247;2026-02-05;2026-02-20;6817.83;PAGA
002790;10248;2026-03-05;2026-03-20;6688.72;PAGA
002791;10247;2026-04-05;2026-04-20;6998.17;PAGA
002792;10248;2026-05-05;2026-05-20;6654.41;PAGA
002793;10247;2026-06-05;2026-06-20;6845.67;PAGA
002794;10248;2026-07-05;2026-07-20;6674.12;PAGA
002795;10247;2026-08-05;2026-08-20;6739.40;PAGA
002796;10248;2026-09-05;2026-09-20;6698.01;EM ABERTO
002797;10249;2025-10-05;2025-10-20;6314.32;PAGA
002798;10249;2025-11-05;2025-11-20;6443.00;PAGA
002799;10249;2025-12-05;2025-12-20;6248.65;PAGA
002800;10249;2026-01-05;2026-01-20;6435.10;PAGA
002801;10249;2026-02-05;2026-02-20;6171.80;PAGA
002802;10249;2026-03-05;2026-03-20;6357.14;PAGA
002803;10249;2026-04-05;2026-04-20;6299.41;PAGA
002804;10249;2026-05-05;2026-05-20;6346.61;PAGA
002805;10249;2026-06-05;2026-06-20;6207.15;PAGA
002806;10249;2026-07-05;2026-07-20;6386.71;PAGA
002807;10249;2026-08-05;2026-08-20;6141.34;PAGA
002808;10249;2026-09-05;2026-09-20;6187.68;EM ABERTO
002809;10250;2025-10-05;2025-10-20;1482.54;PAGA
002810;10250;2025-11-05;2025-11-20;1531.08;PAGA
002811;10250;2025-12-05;2025-12-20;1498.09;PAGA
002812;10250;2026-01-05;2026-01-20;1473.79;PAGA
002813;10250;2026-02-05;2026-02-20;1492.66;PAGA
002814;10250;2026-03-05;2026-03-20;1466.69;PAGA
002815;10250;2026-04-05;2026-04-20;1452.28;PAGA
002816;10250;2026-05-05;2026-05-20;1478.68;PAGA
002817;10250;2026-06-05;2026-06-20;1446.49;PAGA
002818;10250;2026-07-05;2026-07-20;1481.12;PAGA
002819;10250;2026-08-05;2026-08-20;1527.90;PAGA
002820;10250;2026-09-05;2026-09-20;1453.60;ATRASADA
002821;10251;2025-10-05;2025-10-20;6749.78;PAGA
002822;10251;2025-11-05;2025-11-20;6666.91;PAGA
002823;10251;2025-12-05;2025-12-20;6882.69;PAGA
002824;10251;2026-01-05;2026-01-20;6713.27;PAGA
002825;10251;2026-02-05;2026-02-20;6745.66;PAGA
002826;10251;2026-03-05;2026-03-20;6646.15;PAGA
002827;10251;2026-04-05;2026-04-20;6738.53;PAGA
002828;10251;2026-05-05;2026-05-20;6748.81;PAGA
002829;10251;2026-06-05;2026-06-20;6651.83;PAGA
002830;10251;2026-07-05;2026-07-20;6785.21;PAGA
002831;10251;2026-08-05;2026-08-20;6892.86;PAGA
002832;10251;2026-09-05;2026-09-20;6731.34;EM ABERTO
